{
  "type": "FeatureCollection",
  "features": [
    {
      "type": "Feature",
      "properties": {},
      "geometry": {
        "type": "MultiPolygon",
        "coordinates": [
          [
            [
              [
                -87.507821,
                41.628502
              ],
              [
                -87.507294,
                41.627052
              ],
              [
                -87.504797,
                41.624785
              ],
              [
                -87.502413,
                41.623009
              ],
              [
                -87.499397,
                41.620765
              ],
              [
                -87.496986,
                41.620792
              ],
              [
                -87.494184,
                41.623137
              ],
              [
                -87.490197,
                41.619992
              ],
              [
                -87.489935,
                41.619589
              ],
              [
                -87.486732,
                41.618064
              ],
              [
                -87.485511,
                41.617583
              ],
              [
                -87.481327,
                41.617553
              ],
              [
                -87.478088,
                41.620037
              ],
              [
                -87.476428,
                41.621287
              ],
              [
                -87.4723,
                41.625141
              ],
              [
                -87.471075,
                41.625884
              ],
              [
                -87.469605,
                41.626986
              ],
              [
                -87.468866,
                41.627532
              ],
              [
                -87.467189,
                41.629226
              ],
              [
                -87.467195,
                41.629397
              ],
              [
                -87.468821,
                41.631132
              ],
              [
                -87.469636,
                41.631749
              ],
              [
                -87.474351,
                41.634737
              ],
              [
                -87.476912,
                41.637082
              ],
              [
                -87.48046,
                41.639236
              ],
              [
                -87.483707,
                41.641196
              ],
              [
                -87.484366,
                41.641351
              ],
              [
                -87.484582,
                41.641354
              ],
              [
                -87.484612,
                41.641354
              ],
              [
                -87.487116,
                41.639467
              ],
              [
                -87.489517,
                41.637231
              ],
              [
                -87.490072,
                41.636829
              ],
              [
                -87.49056,
                41.636481
              ],
              [
                -87.495614,
                41.634084
              ],
              [
                -87.498332,
                41.634449
              ],
              [
                -87.50078,
                41.635719
              ],
              [
                -87.500877,
                41.635717
              ],
              [
                -87.502822,
                41.634281
              ],
              [
                -87.50734,
                41.630651
              ],
              [
                -87.507821,
                41.628502
              ]
            ]
          ],
          [
            [
              [
                -87.391269,
                38.677483
              ],
              [
                -87.389101,
                38.67687
              ],
              [
                -87.387763,
                38.676728
              ],
              [
                -87.384981,
                38.676798
              ],
              [
                -87.384766,
                38.67702
              ],
              [
                -87.381795,
                38.681579
              ],
              [
                -87.379491,
                38.683047
              ],
              [
                -87.379367,
                38.683204
              ],
              [
                -87.379351,
                38.683452
              ],
              [
                -87.380562,
                38.686221
              ],
              [
                -87.383077,
                38.689646
              ],
              [
                -87.386016,
                38.68999
              ],
              [
                -87.386186,
                38.695669
              ],
              [
                -87.38511,
                38.696356
              ],
              [
                -87.385303,
                38.696659
              ],
              [
                -87.388227,
                38.695155
              ],
              [
                -87.38993,
                38.693754
              ],
              [
                -87.390032,
                38.693557
              ],
              [
                -87.390018,
                38.69339
              ],
              [
                -87.388733,
                38.692106
              ],
              [
                -87.3875,
                38.690918
              ],
              [
                -87.386266,
                38.68973
              ],
              [
                -87.385033,
                38.688543
              ],
              [
                -87.383468,
                38.687016
              ],
              [
                -87.381902,
                38.685488
              ],
              [
                -87.384252,
                38.680434
              ],
              [
                -87.384544,
                38.680337
              ],
              [
                -87.384862,
                38.680228
              ],
              [
                -87.386109,
                38.679583
              ],
              [
                -87.387399,
                38.678907
              ],
              [
                -87.391181,
                38.678075
              ],
              [
                -87.39123,
                38.677841
              ],
              [
                -87.391269,
                38.677483
              ]
            ]
          ],
          [
            [
              [
                -86.911544,
                41.708406
              ],
              [
                -86.910984,
                41.705278
              ],
              [
                -86.909071,
                41.700412
              ],
              [
                -86.907777,
                41.69974
              ],
              [
                -86.903082,
                41.696464
              ],
              [
                -86.900711,
                41.694766
              ],
              [
                -86.900354,
                41.694767
              ],
              [
                -86.89579,
                41.693873
              ],
              [
                -86.894317,
                41.69289
              ],
              [
                -86.893673,
                41.692676
              ],
              [
                -86.892744,
                41.693134
              ],
              [
                -86.892727,
                41.69315
              ],
              [
                -86.88947,
                41.695856
              ],
              [
                -86.886253,
                41.697414
              ],
              [
                -86.881569,
                41.700536
              ],
              [
                -86.877334,
                41.70409
              ],
              [
                -86.876099,
                41.705615
              ],
              [
                -86.87611,
                41.70608
              ],
              [
                -86.877291,
                41.707309
              ],
              [
                -86.880099,
                41.712128
              ],
              [
                -86.881142,
                41.713479
              ],
              [
                -86.883298,
                41.716144
              ],
              [
                -86.88379,
                41.716648
              ],
              [
                -86.886991,
                41.71883
              ],
              [
                -86.89022,
                41.719495
              ],
              [
                -86.890746,
                41.719271
              ],
              [
                -86.896294,
                41.720353
              ],
              [
                -86.89688,
                41.720678
              ],
              [
                -86.901943,
                41.720955
              ],
              [
                -86.902153,
                41.720894
              ],
              [
                -86.90457,
                41.719842
              ],
              [
                -86.904683,
                41.719682
              ],
              [
                -86.906835,
                41.716523
              ],
              [
                -86.909731,
                41.711864
              ],
              [
                -86.911314,
                41.709116
              ],
              [
                -86.911544,
                41.708406
              ]
            ]
          ],
          [
            [
              [
                -86.73095,
                41.603614
              ],
              [
                -86.729659,
                41.602162
              ],
              [
                -86.728549,
                41.601188
              ],
              [
                -86.72735,
                41.600245
              ],
              [
                -86.722863,
                41.596765
              ],
              [
                -86.721323,
                41.595572
              ],
              [
                -86.719982,
                41.594636
              ],
              [
                -86.71838,
                41.593854
              ],
              [
                -86.716305,
                41.593201
              ],
              [
                -86.715856,
                41.593202
              ],
              [
                -86.710176,
                41.591941
              ],
              [
                -86.709859,
                41.591906
              ],
              [
                -86.707382,
                41.591741
              ],
              [
                -86.703113,
                41.595146
              ],
              [
                -86.702742,
                41.595861
              ],
              [
                -86.697246,
                41.59817
              ],
              [
                -86.697216,
                41.598171
              ],
              [
                -86.696065,
                41.599248
              ],
              [
                -86.695897,
                41.599415
              ],
              [
                -86.694768,
                41.600883
              ],
              [
                -86.694769,
                41.600893
              ],
              [
                -86.696114,
                41.603008
              ],
              [
                -86.698224,
                41.608006
              ],
              [
                -86.697421,
                41.611515
              ],
              [
                -86.699289,
                41.612801
              ],
              [
                -86.703036,
                41.615628
              ],
              [
                -86.705792,
                41.618596
              ],
              [
                -86.706139,
                41.618978
              ],
              [
                -86.706621,
                41.619188
              ],
              [
                -86.709929,
                41.619891
              ],
              [
                -86.710767,
                41.619981
              ],
              [
                -86.710994,
                41.619886
              ],
              [
                -86.711677,
                41.619603
              ],
              [
                -86.712318,
                41.619336
              ],
              [
                -86.715254,
                41.618479
              ],
              [
                -86.72065,
                41.618326
              ],
              [
                -86.721894,
                41.617798
              ],
              [
                -86.721951,
                41.617773
              ],
              [
                -86.726009,
                41.613466
              ],
              [
                -86.727889,
                41.611002
              ],
              [
                -86.730781,
                41.606794
              ],
              [
                -86.730888,
                41.606532
              ],
              [
                -86.730946,
                41.603856
              ],
              [
                -86.73095,
                41.603614
              ]
            ]
          ],
          [
            [
              [
                -86.638248,
                41.288264
              ],
              [
                -86.638245,
                41.287904
              ],
              [
                -86.637745,
                41.287908
              ],
              [
                -86.637245,
                41.287913
              ],
              [
                -86.6355,
                41.287906
              ],
              [
                -86.633754,
                41.2879
              ],
              [
                -86.6304,
                41.284269
              ],
              [
                -86.630403,
                41.282742
              ],
              [
                -86.630402,
                41.281839
              ],
              [
                -86.630402,
                41.281751
              ],
              [
                -86.62619,
                41.278904
              ],
              [
                -86.625864,
                41.278903
              ],
              [
                -86.625539,
                41.278901
              ],
              [
                -86.620827,
                41.275463
              ],
              [
                -86.620467,
                41.275467
              ],
              [
                -86.618124,
                41.278092
              ],
              [
                -86.61817,
                41.278449
              ],
              [
                -86.614416,
                41.283074
              ],
              [
                -86.609893,
                41.285189
              ],
              [
                -86.609398,
                41.285782
              ],
              [
                -86.60602,
                41.287857
              ],
              [
                -86.601641,
                41.28669
              ],
              [
                -86.601281,
                41.286687
              ],
              [
                -86.598731,
                41.287864
              ],
              [
                -86.598733,
                41.288224
              ],
              [
                -86.601276,
                41.289372
              ],
              [
                -86.601636,
                41.289371
              ],
              [
                -86.603735,
                41.288213
              ],
              [
                -86.606019,
                41.288217
              ],
              [
                -86.608303,
                41.28822
              ],
              [
                -86.610833,
                41.289635
              ],
              [
                -86.608494,
                41.295094
              ],
              [
                -86.608494,
                41.295454
              ],
              [
                -86.609494,
                41.297629
              ],
              [
                -86.61445,
                41.299912
              ],
              [
                -86.61481,
                41.29991
              ],
              [
                -86.620518,
                41.301287
              ],
              [
                -86.620878,
                41.301289
              ],
              [
                -86.62466,
                41.298571
              ],
              [
                -86.628499,
                41.295847
              ],
              [
                -86.630498,
                41.294175
              ],
              [
                -86.631256,
                41.292999
              ],
              [
                -86.631256,
                41.292721
              ],
              [
                -86.631491,
                41.290683
              ],
              [
                -86.635499,
                41.288266
              ],
              [
                -86.637248,
                41.288272
              ],
              [
                -86.638248,
                41.288264
              ]
            ]
          ],
          [
            [
              [
                -86.534407,
                41.672342
              ],
              [
                -86.534214,
                41.672186
              ],
              [
                -86.533871,
                41.672184
              ],
              [
                -86.532011,
                41.67235
              ],
              [
                -86.529893,
                41.672153
              ],
              [
                -86.526321,
                41.668212
              ],
              [
                -86.526371,
                41.666415
              ],
              [
                -86.526449,
                41.663647
              ],
              [
                -86.526089,
                41.663637
              ],
              [
                -86.52605,
                41.665021
              ],
              [
                -86.526012,
                41.666405
              ],
              [
                -86.525961,
                41.668202
              ],
              [
                -86.523572,
                41.672231
              ],
              [
                -86.52114,
                41.67205
              ],
              [
                -86.517808,
                41.671996
              ],
              [
                -86.517611,
                41.672137
              ],
              [
                -86.517605,
                41.672497
              ],
              [
                -86.521129,
                41.672553
              ],
              [
                -86.52374,
                41.677464
              ],
              [
                -86.525617,
                41.681812
              ],
              [
                -86.525567,
                41.683942
              ],
              [
                -86.52111,
                41.686994
              ],
              [
                -86.518841,
                41.686963
              ],
              [
                -86.516573,
                41.686933
              ],
              [
                -86.512799,
                41.686883
              ],
              [
                -86.512795,
                41.687243
              ],
              [
                -86.514681,
                41.687268
              ],
              [
                -86.519413,
                41.690878
              ],
              [
                -86.520088,
                41.691309
              ],
              [
                -86.521808,
                41.692404
              ],
              [
                -86.525211,
                41.695242
              ],
              [
                -86.525571,
                41.695253
              ],
              [
                -86.5256,
                41.694281
              ],
              [
                -86.525629,
                41.69331
              ],
              [
                -86.525665,
                41.692233
              ],
              [
                -86.5257,
                41.691155
              ],
              [
                -86.525742,
                41.689785
              ],
              [
                -86.529338,
                41.685042
              ],
              [
                -86.52968,
                41.68493
              ],
              [
                -86.529636,
                41.684797
              ],
              [
                -86.529458,
                41.684528
              ],
              [
                -86.529252,
                41.684311
              ],
              [
                -86.528508,
                41.683636
              ],
              [
                -86.527025,
                41.67831
              ],
              [
                -86.528974,
                41.675555
              ],
              [
                -86.529789,
                41.674634
              ],
              [
                -86.534404,
                41.672702
              ],
              [
                -86.534407,
                41.672342
              ]
            ]
          ],
          [
            [
              [
                -86.52802,
                41.702932
              ],
              [
                -86.527911,
                41.702589
              ],
              [
                -86.525506,
                41.700573
              ],
              [
                -86.525146,
                41.700566
              ],
              [
                -86.520773,
                41.704291
              ],
              [
                -86.515481,
                41.701742
              ],
              [
                -86.515005,
                41.699913
              ],
              [
                -86.515014,
                41.698895
              ],
              [
                -86.515179,
                41.698054
              ],
              [
                -86.51513,
                41.696616
              ],
              [
                -86.514203,
                41.695291
              ],
              [
                -86.513867,
                41.695161
              ],
              [
                -86.5125,
                41.694894
              ],
              [
                -86.511979,
                41.695136
              ],
              [
                -86.506189,
                41.69424
              ],
              [
                -86.505829,
                41.694224
              ],
              [
                -86.505813,
                41.694599
              ],
              [
                -86.505796,
                41.694973
              ],
              [
                -86.505761,
                41.697038
              ],
              [
                -86.505726,
                41.699097
              ],
              [
                -86.499803,
                41.699654
              ],
              [
                -86.496434,
                41.699512
              ],
              [
                -86.496074,
                41.699512
              ],
              [
                -86.496073,
                41.70044
              ],
              [
                -86.496072,
                41.701366
              ],
              [
                -86.496072,
                41.701368
              ],
              [
                -86.496069,
                41.701671
              ],
              [
                -86.496065,
                41.701977
              ],
              [
                -86.496261,
                41.706121
              ],
              [
                -86.493372,
                41.707794
              ],
              [
                -86.493411,
                41.708152
              ],
              [
                -86.498966,
                41.709693
              ],
              [
                -86.501359,
                41.70991
              ],
              [
                -86.505575,
                41.713812
              ],
              [
                -86.505571,
                41.714724
              ],
              [
                -86.505931,
                41.714726
              ],
              [
                -86.505935,
                41.713813
              ],
              [
                -86.509036,
                41.709465
              ],
              [
                -86.511792,
                41.708573
              ],
              [
                -86.514235,
                41.708554
              ],
              [
                -86.51537,
                41.708273
              ],
              [
                -86.520112,
                41.707568
              ],
              [
                -86.524771,
                41.706541
              ],
              [
                -86.52802,
                41.702932
              ]
            ]
          ],
          [
            [
              [
                -86.50321,
                41.469063
              ],
              [
                -86.502384,
                41.469062
              ],
              [
                -86.497901,
                41.465297
              ],
              [
                -86.49723228472575,
                41.464238809846094
              ],
              [
                -86.498024,
                41.462177
              ],
              [
                -86.498025,
                41.461817
              ],
              [
                -86.494794,
                41.459359
              ],
              [
                -86.492803,
                41.457543
              ],
              [
                -86.491201,
                41.456421
              ],
              [
                -86.490841,
                41.456424
              ],
              [
                -86.488257,
                41.45752
              ],
              [
                -86.48482,
                41.455987
              ],
              [
                -86.481475,
                41.45382
              ],
              [
                -86.481381,
                41.453816
              ],
              [
                -86.481021,
                41.453819
              ],
              [
                -86.47790324772447,
                41.45744404426039
              ],
              [
                -86.47672410658082,
                41.45780298999372
              ],
              [
                -86.47545712786,
                41.458105
              ],
              [
                -86.474702,
                41.458105
              ],
              [
                -86.47371626878868,
                41.457992941923955
              ],
              [
                -86.471202,
                41.457248
              ],
              [
                -86.470271,
                41.456706
              ],
              [
                -86.469341,
                41.456164
              ],
              [
                -86.469159,
                41.456475
              ],
              [
                -86.46664,
                41.46176
              ],
              [
                -86.466495,
                41.461916
              ],
              [
                -86.466495,
                41.461941
              ],
              [
                -86.466644,
                41.46212
              ],
              [
                -86.466677,
                41.46212
              ],
              [
                -86.470095,
                41.462415
              ],
              [
                -86.471542,
                41.462526
              ],
              [
                -86.476375,
                41.464823
              ],
              [
                -86.477324,
                41.465907
              ],
              [
                -86.478398,
                41.466972
              ],
              [
                -86.481287,
                41.47041
              ],
              [
                -86.480617,
                41.473219
              ],
              [
                -86.477625,
                41.47521
              ],
              [
                -86.477446,
                41.475297
              ],
              [
                -86.47606,
                41.47629
              ],
              [
                -86.47606,
                41.47665
              ],
              [
                -86.478165,
                41.479664
              ],
              [
                -86.479494,
                41.478786
              ],
              [
                -86.480822,
                41.477908
              ],
              [
                -86.486337,
                41.47655
              ],
              [
                -86.487174,
                41.476671
              ],
              [
                -86.490917,
                41.477042
              ],
              [
                -86.491277,
                41.477047
              ],
              [
                -86.49407,
                41.473922
              ],
              [
                -86.499689,
                41.474576
              ],
              [
                -86.500229,
                41.47499
              ],
              [
                -86.500449,
                41.474704
              ],
              [
                -86.50321,
                41.469423
              ],
              [
                -86.50321,
                41.469063
              ]
            ]
          ],
          [
            [
              [
                -86.434066,
                41.220385
              ],
              [
                -86.434065,
                41.216637
              ],
              [
                -86.434065,
                41.216635
              ],
              [
                -86.434039,
                41.214074
              ],
              [
                -86.433758,
                41.211756
              ],
              [
                -86.431085,
                41.210907
              ],
              [
                -86.430314,
                41.211476
              ],
              [
                -86.42484,
                41.209237
              ],
              [
                -86.424147,
                41.206878
              ],
              [
                -86.424143,
                41.206356
              ],
              [
                -86.424299,
                41.205326
              ],
              [
                -86.427506,
                41.200933
              ],
              [
                -86.4275,
                41.200573
              ],
              [
                -86.425413,
                41.200272
              ],
              [
                -86.425054,
                41.200237
              ],
              [
                -86.42253,
                41.200763
              ],
              [
                -86.420016,
                41.203737
              ],
              [
                -86.416692,
                41.202547
              ],
              [
                -86.416383,
                41.202363
              ],
              [
                -86.414581,
                41.204797
              ],
              [
                -86.414715,
                41.204777
              ],
              [
                -86.415882,
                41.204534
              ],
              [
                -86.420569,
                41.207936
              ],
              [
                -86.421213,
                41.210516
              ],
              [
                -86.421368,
                41.212719
              ],
              [
                -86.421443,
                41.213712
              ],
              [
                -86.417726,
                41.218101
              ],
              [
                -86.41438,
                41.219
              ],
              [
                -86.411846,
                41.221331
              ],
              [
                -86.412036,
                41.221636
              ],
              [
                -86.416766,
                41.223374
              ],
              [
                -86.419062,
                41.223776
              ],
              [
                -86.423417,
                41.22617
              ],
              [
                -86.423925,
                41.226533
              ],
              [
                -86.424285,
                41.226538
              ],
              [
                -86.425822,
                41.226312
              ],
              [
                -86.429498,
                41.222565
              ],
              [
                -86.434066,
                41.220385
              ]
            ]
          ],
          [
            [
              [
                -86.371846,
                41.359868
              ],
              [
                -86.37012,
                41.358924
              ],
              [
                -86.3673912315684,
                41.355231313368314
              ],
              [
                -86.367378,
                41.353136
              ],
              [
                -86.36737755904052,
                41.35313600244977
              ],
              [
                -86.367376,
                41.352893
              ],
              [
                -86.367016,
                41.352895
              ],
              [
                -86.361672,
                41.354408
              ],
              [
                -86.359793,
                41.353407
              ],
              [
                -86.358955,
                41.352305
              ],
              [
                -86.361489,
                41.347147
              ],
              [
                -86.361461,
                41.346788
              ],
              [
                -86.360931,
                41.34683
              ],
              [
                -86.36081400810995,
                41.346830973194564
              ],
              [
                -86.360814,
                41.34683
              ],
              [
                -86.359184,
                41.346844
              ],
              [
                -86.357553,
                41.346858
              ],
              [
                -86.353957,
                41.34691
              ],
              [
                -86.352159,
                41.346937
              ],
              [
                -86.34953883918675,
                41.34414194487603
              ],
              [
                -86.349308,
                41.342529
              ],
              [
                -86.34930748189683,
                41.34252880321304
              ],
              [
                -86.349879,
                41.341025
              ],
              [
                -86.349967,
                41.340817
              ],
              [
                -86.35003802590661,
                41.34064792746144
              ],
              [
                -86.350052,
                41.340615
              ],
              [
                -86.3500518797495,
                41.340614949291954
              ],
              [
                -86.350059,
                41.340598
              ],
              [
                -86.350229,
                41.340112
              ],
              [
                -86.349889,
                41.339993
              ],
              [
                -86.349804,
                41.340236
              ],
              [
                -86.349635,
                41.340677
              ],
              [
                -86.349547,
                41.340884
              ],
              [
                -86.34897123693091,
                41.34240108999156
              ],
              [
                -86.348971,
                41.342401
              ],
              [
                -86.34746136127289,
                41.344045084924176
              ],
              [
                -86.34361,
                41.346311
              ],
              [
                -86.342245,
                41.346116
              ],
              [
                -86.34005323667594,
                41.344770290160284
              ],
              [
                -86.339065,
                41.343338
              ],
              [
                -86.338895,
                41.34329
              ],
              [
                -86.335612,
                41.343669
              ],
              [
                -86.332882,
                41.343457
              ],
              [
                -86.331004,
                41.339815
              ],
              [
                -86.33107,
                41.336216
              ],
              [
                -86.329683,
                41.335127
              ],
              [
                -86.328592,
                41.334732
              ],
              [
                -86.32787672305706,
                41.33476100662257
              ],
              [
                -86.326711,
                41.334807
              ],
              [
                -86.325998,
                41.334984
              ],
              [
                -86.32544333222502,
                41.33546402729662
              ],
              [
                -86.32407127890927,
                41.33579776999504
              ],
              [
                -86.3223685795444,
                41.33581910057791
              ],
              [
                -86.321716,
                41.335482
              ],
              [
                -86.32033463553796,
                41.33579830993014
              ],
              [
                -86.31975489615331,
                41.33522700311836
              ],
              [
                -86.320603,
                41.334821
              ],
              [
                -86.321078,
                41.334805
              ],
              [
                -86.323816,
                41.332735
              ],
              [
                -86.32362,
                41.32914
              ],
              [
                -86.319898,
                41.32529
              ],
              [
                -86.319766,
                41.325162
              ],
              [
                -86.319703,
                41.325112
              ],
              [
                -86.319328,
                41.325005
              ],
              [
                -86.317782,
                41.325143
              ],
              [
                -86.317767,
                41.325153
              ],
              [
                -86.316857,
                41.32658
              ],
              [
                -86.311426,
                41.324903
              ],
              [
                -86.311557,
                41.321306
              ],
              [
                -86.309527,
                41.319558
              ],
              [
                -86.309379,
                41.319558
              ],
              [
                -86.307729,
                41.321322
              ],
              [
                -86.303296,
                41.320439
              ],
              [
                -86.30253,
                41.3192
              ],
              [
                -86.301668,
                41.319057
              ],
              [
                -86.296473,
                41.317544
              ],
              [
                -86.295671,
                41.317656
              ],
              [
                -86.293059,
                41.320134
              ],
              [
                -86.292646,
                41.320591
              ],
              [
                -86.292061,
                41.322229
              ],
              [
                -86.292084,
                41.322979
              ],
              [
                -86.29495,
                41.328126
              ],
              [
                -86.295805,
                41.329124
              ],
              [
                -86.29762292369016,
                41.33343365097801
              ],
              [
                -86.2938,
                41.336816
              ],
              [
                -86.29379951687493,
                41.336816526690875
              ],
              [
                -86.291602,
                41.336853
              ],
              [
                -86.291408,
                41.336859
              ],
              [
                -86.29138302941782,
                41.33688105592721
              ],
              [
                -86.290791,
                41.336589
              ],
              [
                -86.287664,
                41.335214
              ],
              [
                -86.284953,
                41.333489
              ],
              [
                -86.284585,
                41.333257
              ],
              [
                -86.284221,
                41.333059
              ],
              [
                -86.282495,
                41.336218
              ],
              [
                -86.282568,
                41.337774
              ],
              [
                -86.279624,
                41.341534
              ],
              [
                -86.27853365035178,
                41.34149775222797
              ],
              [
                -86.276509,
                41.338264
              ],
              [
                -86.27644,
                41.335864
              ],
              [
                -86.27634,
                41.332459
              ],
              [
                -86.276279,
                41.330402
              ],
              [
                -86.276218,
                41.328346
              ],
              [
                -86.275858,
                41.328356
              ],
              [
                -86.275585,
                41.328404
              ],
              [
                -86.275645,
                41.330413
              ],
              [
                -86.275704,
                41.332422
              ],
              [
                -86.275798,
                41.335586
              ],
              [
                -86.275864,
                41.337769
              ],
              [
                -86.275929,
                41.339951
              ],
              [
                -86.270157,
                41.3399
              ],
              [
                -86.268878,
                41.339811
              ],
              [
                -86.26867,
                41.339812
              ],
              [
                -86.268512,
                41.339839
              ],
              [
                -86.268318,
                41.33991
              ],
              [
                -86.268196,
                41.339979
              ],
              [
                -86.2639,
                41.341049
              ],
              [
                -86.261496,
                41.340206
              ],
              [
                -86.260373,
                41.34052
              ],
              [
                -86.260171,
                41.340818
              ],
              [
                -86.260119,
                41.341065
              ],
              [
                -86.261089,
                41.343205
              ],
              [
                -86.261133,
                41.343273
              ],
              [
                -86.264171,
                41.343794
              ],
              [
                -86.26447,
                41.343713
              ],
              [
                -86.267047,
                41.343227
              ],
              [
                -86.268308,
                41.343217
              ],
              [
                -86.269654,
                41.343213
              ],
              [
                -86.271,
                41.34321
              ],
              [
                -86.272167,
                41.34325
              ],
              [
                -86.276052,
                41.347502
              ],
              [
                -86.276054,
                41.347862
              ],
              [
                -86.277826,
                41.347848
              ],
              [
                -86.2794015985663,
                41.34783554467536
              ],
              [
                -86.280851,
                41.349444
              ],
              [
                -86.283864,
                41.349414
              ],
              [
                -86.28739,
                41.349378
              ],
              [
                -86.290966,
                41.352174
              ],
              [
                -86.291013,
                41.354513
              ],
              [
                -86.291932,
                41.355387
              ],
              [
                -86.292266,
                41.355389
              ],
              [
                -86.295863,
                41.355242
              ],
              [
                -86.29957826028541,
                41.35388768624876
              ],
              [
                -86.300939,
                41.354968
              ],
              [
                -86.303488,
                41.356099
              ],
              [
                -86.308318,
                41.357666
              ],
              [
                -86.310181,
                41.358938
              ],
              [
                -86.310765,
                41.359296
              ],
              [
                -86.311215,
                41.359251
              ],
              [
                -86.31361,
                41.358287
              ],
              [
                -86.31440183718038,
                41.35633243124887
              ],
              [
                -86.31495096537991,
                41.355845937390285
              ],
              [
                -86.31608157027672,
                41.35521458291072
              ],
              [
                -86.316223,
                41.355254
              ],
              [
                -86.316232,
                41.355253
              ],
              [
                -86.31945891476958,
                41.353705348278936
              ],
              [
                -86.320477,
                41.353517
              ],
              [
                -86.32168095861506,
                41.35219756877427
              ],
              [
                -86.325063,
                41.352489
              ],
              [
                -86.326775,
                41.357709
              ],
              [
                -86.326791,
                41.358224
              ],
              [
                -86.328784,
                41.359849
              ],
              [
                -86.328877,
                41.359875
              ],
              [
                -86.329273,
                41.359931
              ],
              [
                -86.334034,
                41.35628
              ],
              [
                -86.335439,
                41.354759
              ],
              [
                -86.33586924867247,
                41.354487417693164
              ],
              [
                -86.33587,
                41.354534
              ],
              [
                -86.335967,
                41.354648
              ],
              [
                -86.33605,
                41.354648
              ],
              [
                -86.337191,
                41.354462
              ],
              [
                -86.338241,
                41.354457
              ],
              [
                -86.340162,
                41.354456
              ],
              [
                -86.341754,
                41.354637
              ],
              [
                -86.342551,
                41.360198
              ],
              [
                -86.340736,
                41.361164
              ],
              [
                -86.338367,
                41.361179
              ],
              [
                -86.335998,
                41.361195
              ],
              [
                -86.33363,
                41.36121
              ],
              [
                -86.331542,
                41.361224
              ],
              [
                -86.329455,
                41.361237
              ],
              [
                -86.329458,
                41.361597
              ],
              [
                -86.32953,
                41.361807
              ],
              [
                -86.331583,
                41.361793
              ],
              [
                -86.333635,
                41.36178
              ],
              [
                -86.336003,
                41.361764
              ],
              [
                -86.340769,
                41.364778
              ],
              [
                -86.339225,
                41.368788
              ],
              [
                -86.339226,
                41.369148
              ],
              [
                -86.341224,
                41.369139
              ],
              [
                -86.343221,
                41.36913
              ],
              [
                -86.3478,
                41.372074
              ],
              [
                -86.347816,
                41.3733
              ],
              [
                -86.347833,
                41.374525
              ],
              [
                -86.348193,
                41.37452
              ],
              [
                -86.348176,
                41.373295
              ],
              [
                -86.34816,
                41.372069
              ],
              [
                -86.348138,
                41.370498
              ],
              [
                -86.35243,
                41.367257
              ],
              [
                -86.352912,
                41.367159
              ],
              [
                -86.353238,
                41.367087
              ],
              [
                -86.353406,
                41.36702
              ],
              [
                -86.353595,
                41.366943
              ],
              [
                -86.353857,
                41.366792
              ],
              [
                -86.354123,
                41.366571
              ],
              [
                -86.354262,
                41.36641
              ],
              [
                -86.354396,
                41.366185
              ],
              [
                -86.354519,
                41.365869
              ],
              [
                -86.356052,
                41.361633
              ],
              [
                -86.358787,
                41.361615
              ],
              [
                -86.361522,
                41.361596
              ],
              [
                -86.364254,
                41.361578
              ],
              [
                -86.364958,
                41.361588
              ],
              [
                -86.364962,
                41.361228
              ],
              [
                -86.364947,
                41.361022
              ],
              [
                -86.363389,
                41.361014
              ],
              [
                -86.360796,
                41.361031
              ],
              [
                -86.355795,
                41.359027
              ],
              [
                -86.351273,
                41.355604
              ],
              [
                -86.34867048685666,
                41.3528136849751
              ],
              [
                -86.352869,
                41.350097
              ],
              [
                -86.355436,
                41.351479
              ],
              [
                -86.355436,
                41.35148
              ],
              [
                -86.356419,
                41.352005
              ],
              [
                -86.357401,
                41.352531
              ],
              [
                -86.357403,
                41.352532
              ],
              [
                -86.35782,
                41.352747
              ],
              [
                -86.358232,
                41.352959
              ],
              [
                -86.358236,
                41.352962
              ],
              [
                -86.358927,
                41.353342
              ],
              [
                -86.359623,
                41.353725
              ],
              [
                -86.361503,
                41.354726
              ],
              [
                -86.363382,
                41.355727
              ],
              [
                -86.365262,
                41.356729
              ],
              [
                -86.369719,
                41.359567
              ],
              [
                -86.371673,
                41.360184
              ],
              [
                -86.371846,
                41.359868
              ]
            ],
            [
              [
                -86.34163111311997,
                41.35037359043591
              ],
              [
                -86.340329,
                41.352809
              ],
              [
                -86.33737086809394,
                41.353539562899975
              ],
              [
                -86.338975,
                41.352527
              ],
              [
                -86.338974,
                41.352264
              ],
              [
                -86.338867,
                41.351654
              ],
              [
                -86.338566,
                41.351073
              ],
              [
                -86.33924466493787,
                41.347989774745976
              ],
              [
                -86.339649,
                41.349118
              ],
              [
                -86.34163111311997,
                41.35037359043591
              ]
            ]
          ],
          [
            [
              [
                -86.371611,
                41.838351
              ],
              [
                -86.370609,
                41.834027
              ],
              [
                -86.370096,
                41.833693
              ],
              [
                -86.366334,
                41.831493
              ],
              [
                -86.364165,
                41.829082
              ],
              [
                -86.361738,
                41.827245
              ],
              [
                -86.358351,
                41.824667
              ],
              [
                -86.357991,
                41.824661
              ],
              [
                -86.355391,
                41.826062
              ],
              [
                -86.354424,
                41.82721
              ],
              [
                -86.352986,
                41.830775
              ],
              [
                -86.347498,
                41.8322
              ],
              [
                -86.347138,
                41.832197
              ],
              [
                -86.345438,
                41.837355
              ],
              [
                -86.345644,
                41.83765
              ],
              [
                -86.345844,
                41.83751
              ],
              [
                -86.348274,
                41.836159
              ],
              [
                -86.353159,
                41.83822
              ],
              [
                -86.35842,
                41.840331
              ],
              [
                -86.358662,
                41.84045
              ],
              [
                -86.363238,
                41.84416
              ],
              [
                -86.363453,
                41.844531
              ],
              [
                -86.363643,
                41.844778
              ],
              [
                -86.363837,
                41.845031
              ],
              [
                -86.364475,
                41.845795
              ],
              [
                -86.365128,
                41.846574
              ],
              [
                -86.366612,
                41.848147
              ],
              [
                -86.366902,
                41.847933
              ],
              [
                -86.370039,
                41.843142
              ],
              [
                -86.3707,
                41.842057
              ],
              [
                -86.371611,
                41.838515
              ],
              [
                -86.371611,
                41.838351
              ]
            ]
          ],
          [
            [
              [
                -86.337491,
                41.670262
              ],
              [
                -86.337338,
                41.669912
              ],
              [
                -86.336432,
                41.668512
              ],
              [
                -86.335241,
                41.667546
              ],
              [
                -86.333323,
                41.666389
              ],
              [
                -86.333179,
                41.66639
              ],
              [
                -86.328075,
                41.666326
              ],
              [
                -86.32806,
                41.662726
              ],
              [
                -86.323935,
                41.659809
              ],
              [
                -86.323007,
                41.659127
              ],
              [
                -86.322964,
                41.659127
              ],
              [
                -86.318608,
                41.659572
              ],
              [
                -86.316491,
                41.659288
              ],
              [
                -86.31611140045817,
                41.65933355750081
              ],
              [
                -86.314525,
                41.658388
              ],
              [
                -86.313821,
                41.658394
              ],
              [
                -86.31074837136012,
                41.65867246239227
              ],
              [
                -86.308079,
                41.657185
              ],
              [
                -86.306404,
                41.657163
              ],
              [
                -86.30558,
                41.657174
              ],
              [
                -86.304553,
                41.657492
              ],
              [
                -86.3031354998132,
                41.65917171353193
              ],
              [
                -86.302853,
                41.659157
              ],
              [
                -86.29900429769916,
                41.662307014806224
              ],
              [
                -86.29722,
                41.662044
              ],
              [
                -86.29358488320243,
                41.66292929316122
              ],
              [
                -86.293456,
                41.662918
              ],
              [
                -86.293345,
                41.662919
              ],
              [
                -86.29320165506478,
                41.66302262420623
              ],
              [
                -86.29217121508593,
                41.66327357665621
              ],
              [
                -86.290993,
                41.662934
              ],
              [
                -86.290791,
                41.662935
              ],
              [
                -86.290169,
                41.663412
              ],
              [
                -86.28997084952707,
                41.66356511627455
              ],
              [
                -86.288087,
                41.662984
              ],
              [
                -86.2858091323578,
                41.66303931682045
              ],
              [
                -86.285734,
                41.663031
              ],
              [
                -86.28382012305148,
                41.662745303940284
              ],
              [
                -86.28651,
                41.660651
              ],
              [
                -86.286508,
                41.660291
              ],
              [
                -86.286582,
                41.657555
              ],
              [
                -86.290206,
                41.654009
              ],
              [
                -86.293651,
                41.654825
              ],
              [
                -86.294011,
                41.654823
              ],
              [
                -86.29482643523436,
                41.65412742392058
              ],
              [
                -86.295161,
                41.654133
              ],
              [
                -86.295241,
                41.654117
              ],
              [
                -86.295431,
                41.653983
              ],
              [
                -86.29543,
                41.653623
              ],
              [
                -86.292737,
                41.648573
              ],
              [
                -86.292727,
                41.647805
              ],
              [
                -86.29607085216061,
                41.64353270897586
              ],
              [
                -86.297134,
                41.643156
              ],
              [
                -86.297505,
                41.643149
              ],
              [
                -86.298381,
                41.643115
              ],
              [
                -86.298367,
                41.642755
              ],
              [
                -86.297482,
                41.641534
              ],
              [
                -86.297269,
                41.641244
              ],
              [
                -86.297133,
                41.641194
              ],
              [
                -86.294542,
                41.641362
              ],
              [
                -86.291102,
                41.639392
              ],
              [
                -86.28846,
                41.638851
              ],
              [
                -86.286065,
                41.638583
              ],
              [
                -86.283047,
                41.635934
              ],
              [
                -86.282687,
                41.635937
              ],
              [
                -86.282155,
                41.636766
              ],
              [
                -86.280602,
                41.642407
              ],
              [
                -86.27818157090788,
                41.64504469915326
              ],
              [
                -86.274674,
                41.643152
              ],
              [
                -86.273167,
                41.638798
              ],
              [
                -86.273125,
                41.636316
              ],
              [
                -86.272765,
                41.636322
              ],
              [
                -86.2728030064446,
                41.63856799989259
              ],
              [
                -86.272803,
                41.638568
              ],
              [
                -86.27196584974962,
                41.63980409044425
              ],
              [
                -86.268986,
                41.643347
              ],
              [
                -86.268286,
                41.643452
              ],
              [
                -86.266948,
                41.643425
              ],
              [
                -86.266283,
                41.643353
              ],
              [
                -86.266061,
                41.643331
              ],
              [
                -86.265702,
                41.643381
              ],
              [
                -86.264859,
                41.645545
              ],
              [
                -86.264737,
                41.645884
              ],
              [
                -86.26349960676878,
                41.64744689771783
              ],
              [
                -86.26213137487748,
                41.64340643127031
              ],
              [
                -86.266137,
                41.639279
              ],
              [
                -86.269153,
                41.637828
              ],
              [
                -86.269111,
                41.634228
              ],
              [
                -86.266063,
                41.632327
              ],
              [
                -86.262593,
                41.628732
              ],
              [
                -86.260884,
                41.627049
              ],
              [
                -86.255673,
                41.624264
              ],
              [
                -86.25520865471164,
                41.624454487891676
              ],
              [
                -86.250462,
                41.621719
              ],
              [
                -86.250454,
                41.621138
              ],
              [
                -86.249588,
                41.619933
              ],
              [
                -86.24699,
                41.61927
              ],
              [
                -86.243788,
                41.619962
              ],
              [
                -86.242344,
                41.620116
              ],
              [
                -86.237942,
                41.617135
              ],
              [
                -86.237645,
                41.616585
              ],
              [
                -86.237108,
                41.616496
              ],
              [
                -86.2354006086363,
                41.61650596091488
              ],
              [
                -86.234842,
                41.614703
              ],
              [
                -86.23484,
                41.61327
              ],
              [
                -86.234789,
                41.611671
              ],
              [
                -86.238343,
                41.607972
              ],
              [
                -86.238357,
                41.607613
              ],
              [
                -86.236059,
                41.605492
              ],
              [
                -86.234869,
                41.604641
              ],
              [
                -86.230475,
                41.601983
              ],
              [
                -86.227465,
                41.602106
              ],
              [
                -86.224293,
                41.604146
              ],
              [
                -86.220219,
                41.607515
              ],
              [
                -86.21776403437909,
                41.606142839027534
              ],
              [
                -86.215651,
                41.602782
              ],
              [
                -86.215637,
                41.599932
              ],
              [
                -86.215277,
                41.599934
              ],
              [
                -86.214694,
                41.602578
              ],
              [
                -86.215063,
                41.603365
              ],
              [
                -86.210931,
                41.607529
              ],
              [
                -86.206417,
                41.607537
              ],
              [
                -86.204409,
                41.60755
              ],
              [
                -86.202401,
                41.607562
              ],
              [
                -86.202403,
                41.607922
              ],
              [
                -86.204411,
                41.60791
              ],
              [
                -86.206419,
                41.607897
              ],
              [
                -86.208675,
                41.607893
              ],
              [
                -86.209008,
                41.613353
              ],
              [
                -86.207533,
                41.614159
              ],
              [
                -86.207278,
                41.615906
              ],
              [
                -86.207681,
                41.616226
              ],
              [
                -86.209955,
                41.617982
              ],
              [
                -86.211662,
                41.622433
              ],
              [
                -86.215344,
                41.623853
              ],
              [
                -86.215704,
                41.623851
              ],
              [
                -86.21928828893314,
                41.622137656434376
              ],
              [
                -86.219602,
                41.622433
              ],
              [
                -86.222294,
                41.625037
              ],
              [
                -86.22287821346409,
                41.625370504023685
              ],
              [
                -86.220113,
                41.627683
              ],
              [
                -86.219986,
                41.627807
              ],
              [
                -86.21976723889311,
                41.62803475745125
              ],
              [
                -86.215712,
                41.625236
              ],
              [
                -86.215352,
                41.625239
              ],
              [
                -86.212809,
                41.626576
              ],
              [
                -86.20960826169554,
                41.62932019582325
              ],
              [
                -86.209322,
                41.629465
              ],
              [
                -86.20586,
                41.62832
              ],
              [
                -86.20565631441711,
                41.62840415703817
              ],
              [
                -86.202435,
                41.625981
              ],
              [
                -86.202098,
                41.625855
              ],
              [
                -86.19729,
                41.62599
              ],
              [
                -86.194153,
                41.62476
              ],
              [
                -86.192738,
                41.624755
              ],
              [
                -86.191324,
                41.624749
              ],
              [
                -86.186365,
                41.627425
              ],
              [
                -86.184232,
                41.627351
              ],
              [
                -86.179389,
                41.625866
              ],
              [
                -86.177032,
                41.622677
              ],
              [
                -86.176673,
                41.622693
              ],
              [
                -86.171631,
                41.625832
              ],
              [
                -86.168361,
                41.629458
              ],
              [
                -86.168361,
                41.629818
              ],
              [
                -86.171195,
                41.631528
              ],
              [
                -86.171555,
                41.631524
              ],
              [
                -86.173127,
                41.631533
              ],
              [
                -86.176058,
                41.635642
              ],
              [
                -86.176072,
                41.635692
              ],
              [
                -86.176202,
                41.635827
              ],
              [
                -86.179704,
                41.639886
              ],
              [
                -86.183069,
                41.642813
              ],
              [
                -86.183429,
                41.642808
              ],
              [
                -86.183546,
                41.642696
              ],
              [
                -86.1848,
                41.639314
              ],
              [
                -86.184941,
                41.639095
              ],
              [
                -86.185175,
                41.638667
              ],
              [
                -86.185402,
                41.63825
              ],
              [
                -86.186566,
                41.63593
              ],
              [
                -86.186628,
                41.635746
              ],
              [
                -86.186696,
                41.635409
              ],
              [
                -86.186721,
                41.635168
              ],
              [
                -86.186722,
                41.634259
              ],
              [
                -86.190772,
                41.630448
              ],
              [
                -86.193811,
                41.629758
              ],
              [
                -86.196091,
                41.634292
              ],
              [
                -86.191283,
                41.636735
              ],
              [
                -86.188796,
                41.636738
              ],
              [
                -86.186308,
                41.636741
              ],
              [
                -86.186309,
                41.637101
              ],
              [
                -86.191283,
                41.637095
              ],
              [
                -86.193782,
                41.637093
              ],
              [
                -86.196281,
                41.63709
              ],
              [
                -86.1962819999639,
                41.63708999350391
              ],
              [
                -86.196282,
                41.63709
              ],
              [
                -86.19630155489608,
                41.63708986646884
              ],
              [
                -86.19802899802471,
                41.637078644447655
              ],
              [
                -86.198029,
                41.637079
              ],
              [
                -86.19869730444641,
                41.637074339578476
              ],
              [
                -86.198918,
                41.637073
              ],
              [
                -86.19891811584039,
                41.63707286660702
              ],
              [
                -86.200897,
                41.63706
              ],
              [
                -86.20607,
                41.639919
              ],
              [
                -86.206679,
                41.641106
              ],
              [
                -86.206815,
                41.641336
              ],
              [
                -86.206999,
                41.641504
              ],
              [
                -86.209222,
                41.644002
              ],
              [
                -86.209399,
                41.644109
              ],
              [
                -86.209502,
                41.644127
              ],
              [
                -86.212934,
                41.645925
              ],
              [
                -86.21098671763285,
                41.647605395951345
              ],
              [
                -86.207079,
                41.648586
              ],
              [
                -86.205386,
                41.645841
              ],
              [
                -86.203552,
                41.645004
              ],
              [
                -86.202076,
                41.644426
              ],
              [
                -86.19839291624069,
                41.64619384089728
              ],
              [
                -86.197359,
                41.645951
              ],
              [
                -86.196743,
                41.645433
              ],
              [
                -86.196396,
                41.645222
              ],
              [
                -86.195858,
                41.644951
              ],
              [
                -86.193799,
                41.646161
              ],
              [
                -86.19082195791871,
                41.648493555616234
              ],
              [
                -86.19013773329276,
                41.64736866253797
              ],
              [
                -86.190127,
                41.647343
              ],
              [
                -86.19011727859068,
                41.647335034176876
              ],
              [
                -86.190113,
                41.647328
              ],
              [
                -86.187684,
                41.645255
              ],
              [
                -86.185069,
                41.642814
              ],
              [
                -86.183142,
                41.642908
              ],
              [
                -86.1815349654452,
                41.643686531837055
              ],
              [
                -86.178575,
                41.641394
              ],
              [
                -86.177021,
                41.640686
              ],
              [
                -86.176661,
                41.640689
              ],
              [
                -86.172839,
                41.642338
              ],
              [
                -86.16704,
                41.643373
              ],
              [
                -86.164683,
                41.646097
              ],
              [
                -86.16244,
                41.64759
              ],
              [
                -86.15736,
                41.650508
              ],
              [
                -86.156759,
                41.651106
              ],
              [
                -86.156762,
                41.651466
              ],
              [
                -86.157402,
                41.65189
              ],
              [
                -86.159227,
                41.652438
              ],
              [
                -86.159963,
                41.652447
              ],
              [
                -86.162995,
                41.653243
              ],
              [
                -86.16287708396575,
                41.65508198062049
              ],
              [
                -86.160588,
                41.656672
              ],
              [
                -86.159073,
                41.658062
              ],
              [
                -86.156732,
                41.66052
              ],
              [
                -86.15647859988593,
                41.66114706286892
              ],
              [
                -86.154257,
                41.662829
              ],
              [
                -86.15282,
                41.664376
              ],
              [
                -86.15282113646097,
                41.664528854000515
              ],
              [
                -86.152821,
                41.664529
              ],
              [
                -86.152822,
                41.664645
              ],
              [
                -86.154851,
                41.668444
              ],
              [
                -86.15612,
                41.671813
              ],
              [
                -86.15646934595125,
                41.67263940977715
              ],
              [
                -86.155185,
                41.673154
              ],
              [
                -86.150185,
                41.670508
              ],
              [
                -86.150113,
                41.670409
              ],
              [
                -86.149667,
                41.670047
              ],
              [
                -86.145589,
                41.673244
              ],
              [
                -86.145576,
                41.673604
              ],
              [
                -86.147985,
                41.675284
              ],
              [
                -86.152795,
                41.67886
              ],
              [
                -86.153522,
                41.679356
              ],
              [
                -86.157617,
                41.682073
              ],
              [
                -86.157977,
                41.682067
              ],
              [
                -86.163851,
                41.683005
              ],
              [
                -86.167407,
                41.685322
              ],
              [
                -86.167766,
                41.685313
              ],
              [
                -86.168431,
                41.685061
              ],
              [
                -86.173026,
                41.682214
              ],
              [
                -86.177089,
                41.679004
              ],
              [
                -86.178163,
                41.678196
              ],
              [
                -86.178718,
                41.677776
              ],
              [
                -86.178768425574,
                41.67774162130893
              ],
              [
                -86.18209550199373,
                41.67769003872878
              ],
              [
                -86.18486,
                41.67975
              ],
              [
                -86.185937,
                41.680547
              ],
              [
                -86.18594184722981,
                41.68054717697796
              ],
              [
                -86.184067,
                41.681688
              ],
              [
                -86.181044,
                41.684513
              ],
              [
                -86.177768,
                41.686634
              ],
              [
                -86.174604,
                41.689519
              ],
              [
                -86.17182829464777,
                41.69176901770325
              ],
              [
                -86.169655,
                41.692444
              ],
              [
                -86.166058,
                41.692587
              ],
              [
                -86.163715,
                41.693955
              ],
              [
                -86.160079,
                41.696955
              ],
              [
                -86.159519,
                41.697489
              ],
              [
                -86.159471,
                41.697859
              ],
              [
                -86.15947304426305,
                41.69793565986452
              ],
              [
                -86.158434,
                41.697199
              ],
              [
                -86.158074,
                41.69721
              ],
              [
                -86.156198,
                41.698603
              ],
              [
                -86.156202,
                41.698963
              ],
              [
                -86.155812,
                41.702067
              ],
              [
                -86.155729,
                41.702417
              ],
              [
                -86.158246,
                41.706543
              ],
              [
                -86.153745,
                41.709503
              ],
              [
                -86.151592,
                41.709694
              ],
              [
                -86.14922,
                41.708697
              ],
              [
                -86.148868,
                41.708768
              ],
              [
                -86.147573,
                41.709552
              ],
              [
                -86.147576,
                41.709912
              ],
              [
                -86.150492,
                41.712517
              ],
              [
                -86.150821,
                41.712663
              ],
              [
                -86.156081,
                41.709848
              ],
              [
                -86.158415,
                41.709834
              ],
              [
                -86.161983,
                41.7116
              ],
              [
                -86.161305,
                41.717403
              ],
              [
                -86.161309,
                41.717763
              ],
              [
                -86.161991,
                41.718359
              ],
              [
                -86.163015,
                41.718966
              ],
              [
                -86.16325,
                41.719017
              ],
              [
                -86.16361,
                41.719012
              ],
              [
                -86.1641813050198,
                41.71873573062592
              ],
              [
                -86.163694,
                41.719861
              ],
              [
                -86.159208,
                41.722129
              ],
              [
                -86.158631,
                41.722419
              ],
              [
                -86.158161,
                41.722836
              ],
              [
                -86.157948,
                41.723049
              ],
              [
                -86.157518,
                41.723581
              ],
              [
                -86.15737,
                41.72381
              ],
              [
                -86.158682,
                41.726018
              ],
              [
                -86.160929,
                41.729933
              ],
              [
                -86.162627,
                41.733108
              ],
              [
                -86.166766,
                41.7339
              ],
              [
                -86.170366,
                41.733835
              ],
              [
                -86.174316,
                41.736041
              ],
              [
                -86.176697,
                41.737757
              ],
              [
                -86.178542,
                41.738727
              ],
              [
                -86.178681,
                41.738726
              ],
              [
                -86.183138,
                41.735316
              ],
              [
                -86.186357,
                41.732971
              ],
              [
                -86.188736,
                41.731125
              ],
              [
                -86.192108,
                41.728154
              ],
              [
                -86.19465292479397,
                41.72640133700296
              ],
              [
                -86.195377,
                41.726913
              ],
              [
                -86.197795,
                41.729169
              ],
              [
                -86.200583,
                41.730483
              ],
              [
                -86.203022,
                41.734163
              ],
              [
                -86.203313,
                41.734376
              ],
              [
                -86.206876,
                41.735913
              ],
              [
                -86.212508,
                41.7343
              ],
              [
                -86.214858,
                41.73379
              ],
              [
                -86.218397,
                41.731307
              ],
              [
                -86.221726,
                41.728948
              ],
              [
                -86.222377,
                41.727877
              ],
              [
                -86.225983,
                41.724624
              ],
              [
                -86.22744,
                41.723542
              ],
              [
                -86.227436,
                41.723182
              ],
              [
                -86.224772,
                41.72105
              ],
              [
                -86.221036,
                41.718161
              ],
              [
                -86.21967766715458,
                41.716731516386496
              ],
              [
                -86.223353,
                41.714246
              ],
              [
                -86.224148,
                41.714084
              ],
              [
                -86.224465,
                41.71394
              ],
              [
                -86.229329,
                41.710804
              ],
              [
                -86.23152,
                41.708
              ],
              [
                -86.233822,
                41.706679
              ],
              [
                -86.233903,
                41.706643
              ],
              [
                -86.234747,
                41.705523
              ],
              [
                -86.234946,
                41.705056
              ],
              [
                -86.235061,
                41.70446
              ],
              [
                -86.235083,
                41.703811
              ],
              [
                -86.23506656789003,
                41.703679751121555
              ],
              [
                -86.235107,
                41.703697
              ],
              [
                -86.235152,
                41.703712
              ],
              [
                -86.237909,
                41.703351
              ],
              [
                -86.241811,
                41.701626
              ],
              [
                -86.2432,
                41.700782
              ],
              [
                -86.24619771841398,
                41.69801093834414
              ],
              [
                -86.24761351272151,
                41.69827514397535
              ],
              [
                -86.248279,
                41.698694
              ],
              [
                -86.251879,
                41.698633
              ],
              [
                -86.25203597584364,
                41.69858348080643
              ],
              [
                -86.254358,
                41.702465
              ],
              [
                -86.254954,
                41.703542
              ],
              [
                -86.255034,
                41.703688
              ],
              [
                -86.257899,
                41.703114
              ],
              [
                -86.25860013109707,
                41.70326636059878
              ],
              [
                -86.259978,
                41.704821
              ],
              [
                -86.260242,
                41.704864
              ],
              [
                -86.265756,
                41.706524
              ],
              [
                -86.266005,
                41.706766
              ],
              [
                -86.266736,
                41.707414
              ],
              [
                -86.266941,
                41.707547
              ],
              [
                -86.269919,
                41.70773
              ],
              [
                -86.271706,
                41.70756
              ],
              [
                -86.273916,
                41.707258
              ],
              [
                -86.27531930681839,
                41.706863304423024
              ],
              [
                -86.278026,
                41.708744
              ],
              [
                -86.278027,
                41.708745
              ],
              [
                -86.278099,
                41.708781
              ],
              [
                -86.278271,
                41.70886
              ],
              [
                -86.278631,
                41.70884
              ],
              [
                -86.282668,
                41.70835
              ],
              [
                -86.288104,
                41.709542
              ],
              [
                -86.288453,
                41.709629
              ],
              [
                -86.289969,
                41.708449
              ],
              [
                -86.289965,
                41.708089
              ],
              [
                -86.286494,
                41.704381
              ],
              [
                -86.28747837327498,
                41.702221806963614
              ],
              [
                -86.288091,
                41.702215
              ],
              [
                -86.29183457238308,
                41.701864040089085
              ],
              [
                -86.291837,
                41.701966
              ],
              [
                -86.29347081749586,
                41.70272044541351
              ],
              [
                -86.293482,
                41.703225
              ],
              [
                -86.293494,
                41.703737
              ],
              [
                -86.293854,
                41.703729
              ],
              [
                -86.298909,
                41.702586
              ],
              [
                -86.302089,
                41.702579
              ],
              [
                -86.30489,
                41.702717
              ],
              [
                -86.305109,
                41.702724
              ],
              [
                -86.305438,
                41.702703
              ],
              [
                -86.305801,
                41.702676
              ],
              [
                -86.308875,
                41.702412
              ],
              [
                -86.312518,
                41.70078
              ],
              [
                -86.316978,
                41.699483
              ],
              [
                -86.320244,
                41.701679
              ],
              [
                -86.320386,
                41.701868
              ],
              [
                -86.32052,
                41.701948
              ],
              [
                -86.320662,
                41.701989
              ],
              [
                -86.320852,
                41.702016
              ],
              [
                -86.32249,
                41.701647
              ],
              [
                -86.326954,
                41.701355
              ],
              [
                -86.330535,
                41.697386
              ],
              [
                -86.33198670511494,
                41.6963636042081
              ],
              [
                -86.332167,
                41.696307
              ],
              [
                -86.335422,
                41.693699
              ],
              [
                -86.335426,
                41.693339
              ],
              [
                -86.333394,
                41.692481
              ],
              [
                -86.329233,
                41.689135
              ],
              [
                -86.324831,
                41.686093
              ],
              [
                -86.32309184847327,
                41.68431348471431
              ],
              [
                -86.324381,
                41.683353
              ],
              [
                -86.327716,
                41.68082
              ],
              [
                -86.328958,
                41.678694
              ],
              [
                -86.332869,
                41.67646
              ],
              [
                -86.336267,
                41.674407
              ],
              [
                -86.33736,
                41.673512
              ],
              [
                -86.33748,
                41.670662
              ],
              [
                -86.337491,
                41.670262
              ]
            ],
            [
              [
                -86.32061075199312,
                41.68478364436498
              ],
              [
                -86.32033554606085,
                41.684882337429755
              ],
              [
                -86.32025,
                41.684871
              ],
              [
                -86.320026,
                41.684844
              ],
              [
                -86.319903,
                41.684852
              ],
              [
                -86.31793351068103,
                41.68467944186908
              ],
              [
                -86.317803,
                41.684563
              ],
              [
                -86.317246,
                41.684487
              ],
              [
                -86.31669,
                41.68441
              ],
              [
                -86.316483,
                41.684373
              ],
              [
                -86.31627,
                41.684336
              ],
              [
                -86.316007,
                41.68431
              ],
              [
                -86.315521,
                41.684253
              ],
              [
                -86.315277,
                41.684218
              ],
              [
                -86.314924,
                41.684181
              ],
              [
                -86.31425571735893,
                41.68397292665022
              ],
              [
                -86.31351619254572,
                41.68340805278338
              ],
              [
                -86.31582948595458,
                41.6827735108744
              ],
              [
                -86.316809,
                41.684262
              ],
              [
                -86.317556,
                41.68442
              ],
              [
                -86.32061075199312,
                41.68478364436498
              ]
            ],
            [
              [
                -86.27992278820788,
                41.66128604991891
              ],
              [
                -86.277628,
                41.661062
              ],
              [
                -86.27665947362809,
                41.66106899491269
              ],
              [
                -86.27513371027115,
                41.659055680608304
              ],
              [
                -86.27509,
                41.65868
              ],
              [
                -86.279683,
                41.661111
              ],
              [
                -86.27992278820788,
                41.66128604991891
              ]
            ],
            [
              [
                -86.21496063851762,
                41.68478586281385
              ],
              [
                -86.21355,
                41.687405
              ],
              [
                -86.209994,
                41.687511
              ],
              [
                -86.207123,
                41.687519
              ],
              [
                -86.20505191544721,
                41.68446595939209
              ],
              [
                -86.206485,
                41.683207
              ],
              [
                -86.2066852919298,
                41.68308809878373
              ],
              [
                -86.208542,
                41.682035
              ],
              [
                -86.212,
                41.682263
              ],
              [
                -86.21423,
                41.684322
              ],
              [
                -86.214482,
                41.684714
              ],
              [
                -86.21496063851762,
                41.68478586281385
              ]
            ],
            [
              [
                -86.21280548122618,
                41.716174482226194
              ],
              [
                -86.212032,
                41.716355
              ],
              [
                -86.206344,
                41.716936
              ],
              [
                -86.204751,
                41.716962
              ],
              [
                -86.203266,
                41.717033
              ],
              [
                -86.201373,
                41.717765
              ],
              [
                -86.197275,
                41.719005
              ],
              [
                -86.19494743251141,
                41.720712295215115
              ],
              [
                -86.192813,
                41.716266
              ],
              [
                -86.192761,
                41.716209
              ],
              [
                -86.190524,
                41.714924
              ],
              [
                -86.187779,
                41.714212
              ],
              [
                -86.184747,
                41.712738
              ],
              [
                -86.18293204318445,
                41.7105622266062
              ],
              [
                -86.183555,
                41.709865
              ],
              [
                -86.187066,
                41.707156
              ],
              [
                -86.189112,
                41.705989
              ],
              [
                -86.190888,
                41.703719
              ],
              [
                -86.19144828154643,
                41.7025485713791
              ],
              [
                -86.192554,
                41.703183
              ],
              [
                -86.193102,
                41.704196
              ],
              [
                -86.1948507458819,
                41.704205682978305
              ],
              [
                -86.194866,
                41.704221
              ],
              [
                -86.195811,
                41.704211
              ],
              [
                -86.198557,
                41.704159
              ],
              [
                -86.200704,
                41.704151
              ],
              [
                -86.20211192378758,
                41.7052767225711
              ],
              [
                -86.20225941488107,
                41.705852660414564
              ],
              [
                -86.199582,
                41.707456
              ],
              [
                -86.199637,
                41.711056
              ],
              [
                -86.200845,
                41.713504
              ],
              [
                -86.205422,
                41.714377
              ],
              [
                -86.205924,
                41.714446
              ],
              [
                -86.206514,
                41.714527
              ],
              [
                -86.206928,
                41.714521
              ],
              [
                -86.21179727822087,
                41.71531760822089
              ],
              [
                -86.211889,
                41.715486
              ],
              [
                -86.21280548122618,
                41.716174482226194
              ]
            ],
            [
              [
                -86.2041743637948,
                41.632423178126075
              ],
              [
                -86.20417224006911,
                41.635519039252586
              ],
              [
                -86.200895,
                41.6367
              ],
              [
                -86.19977102776903,
                41.636090718023304
              ],
              [
                -86.20233,
                41.633144
              ],
              [
                -86.2041743637948,
                41.632423178126075
              ]
            ],
            [
              [
                -86.17294708850885,
                41.71509528228183
              ],
              [
                -86.172022,
                41.717783
              ],
              [
                -86.166552,
                41.718849
              ],
              [
                -86.16559424131354,
                41.718052468599595
              ],
              [
                -86.168968,
                41.716421
              ],
              [
                -86.17294708850885,
                41.71509528228183
              ]
            ],
            [
              [
                -86.16709895705357,
                41.707154129678585
              ],
              [
                -86.164894,
                41.706593
              ],
              [
                -86.163571,
                41.706597
              ],
              [
                -86.158579,
                41.70435
              ],
              [
                -86.158377,
                41.702344
              ],
              [
                -86.15990350146637,
                41.699737945694785
              ],
              [
                -86.160106,
                41.700555
              ],
              [
                -86.162906,
                41.702011
              ],
              [
                -86.165701,
                41.705396
              ],
              [
                -86.166422,
                41.70665
              ],
              [
                -86.16709895705357,
                41.707154129678585
              ]
            ]
          ],
          [
            [
              [
                -86.322541,
                41.407203
              ],
              [
                -86.322459,
                41.402292
              ],
              [
                -86.32102,
                41.401057
              ],
              [
                -86.319275,
                41.400857
              ],
              [
                -86.315435,
                41.398747
              ],
              [
                -86.314781,
                41.396005
              ],
              [
                -86.313963,
                41.39523
              ],
              [
                -86.313868,
                41.39523
              ],
              [
                -86.313191,
                41.395749
              ],
              [
                -86.310299,
                41.399927
              ],
              [
                -86.308031,
                41.400315
              ],
              [
                -86.306212,
                41.400321
              ],
              [
                -86.306213,
                41.400681
              ],
              [
                -86.308033,
                41.400675
              ],
              [
                -86.309852,
                41.400668
              ],
              [
                -86.311853,
                41.405802
              ],
              [
                -86.311665,
                41.406109
              ],
              [
                -86.312672,
                41.409397
              ],
              [
                -86.309986,
                41.414358
              ],
              [
                -86.308345,
                41.414066
              ],
              [
                -86.306742,
                41.414426
              ],
              [
                -86.304933,
                41.414638
              ],
              [
                -86.302629,
                41.415373
              ],
              [
                -86.302655,
                41.415732
              ],
              [
                -86.302919,
                41.415965
              ],
              [
                -86.303279,
                41.415971
              ],
              [
                -86.304851,
                41.415666
              ],
              [
                -86.308401,
                41.414711
              ],
              [
                -86.308747,
                41.414704
              ],
              [
                -86.309098,
                41.414697
              ],
              [
                -86.313701,
                41.418424
              ],
              [
                -86.314091,
                41.421028
              ],
              [
                -86.313795,
                41.422477
              ],
              [
                -86.313571,
                41.423342
              ],
              [
                -86.313133,
                41.424932
              ],
              [
                -86.31348,
                41.425028
              ],
              [
                -86.317756,
                41.421178
              ],
              [
                -86.321359,
                41.418892
              ],
              [
                -86.321352,
                41.418483
              ],
              [
                -86.321118,
                41.418483
              ],
              [
                -86.320884,
                41.418484
              ],
              [
                -86.319417,
                41.418475
              ],
              [
                -86.314386,
                41.415255
              ],
              [
                -86.314186,
                41.413534
              ],
              [
                -86.314343,
                41.411612
              ],
              [
                -86.315382,
                41.408334
              ],
              [
                -86.319197,
                41.40745
              ],
              [
                -86.320199,
                41.407622
              ],
              [
                -86.32066,
                41.407749
              ],
              [
                -86.321332,
                41.407619
              ],
              [
                -86.322496,
                41.40756
              ],
              [
                -86.322541,
                41.407203
              ]
            ]
          ],
          [
            [
              [
                -86.31346,
                41.731342
              ],
              [
                -86.31342,
                41.731207
              ],
              [
                -86.311172,
                41.730835
              ],
              [
                -86.309803,
                41.730611
              ],
              [
                -86.308435,
                41.730386
              ],
              [
                -86.308184,
                41.73034
              ],
              [
                -86.30793,
                41.730293
              ],
              [
                -86.30768,
                41.73024
              ],
              [
                -86.307426,
                41.730186
              ],
              [
                -86.306973,
                41.730076
              ],
              [
                -86.306515,
                41.729964
              ],
              [
                -86.306181,
                41.729868
              ],
              [
                -86.30584,
                41.729771
              ],
              [
                -86.305563,
                41.729681
              ],
              [
                -86.305281,
                41.72959
              ],
              [
                -86.304937,
                41.729467
              ],
              [
                -86.304588,
                41.729343
              ],
              [
                -86.304262,
                41.729211
              ],
              [
                -86.304173,
                41.723289
              ],
              [
                -86.304273,
                41.722943
              ],
              [
                -86.303985,
                41.722404
              ],
              [
                -86.300859,
                41.720069
              ],
              [
                -86.298725,
                41.718958
              ],
              [
                -86.295653,
                41.715604
              ],
              [
                -86.293983,
                41.713994
              ],
              [
                -86.293623,
                41.714002
              ],
              [
                -86.290206,
                41.717102
              ],
              [
                -86.285902,
                41.717775
              ],
              [
                -86.283383,
                41.717018
              ],
              [
                -86.283184,
                41.717001
              ],
              [
                -86.282871,
                41.71718
              ],
              [
                -86.281798,
                41.718915
              ],
              [
                -86.278026,
                41.722815
              ],
              [
                -86.27803,
                41.723175
              ],
              [
                -86.278114,
                41.723236
              ],
              [
                -86.279469,
                41.724197
              ],
              [
                -86.282682,
                41.72685
              ],
              [
                -86.284983,
                41.730064
              ],
              [
                -86.287161,
                41.729859
              ],
              [
                -86.291559,
                41.732443
              ],
              [
                -86.296284,
                41.733079
              ],
              [
                -86.299754,
                41.734806
              ],
              [
                -86.300548,
                41.735159
              ],
              [
                -86.301113,
                41.735172
              ],
              [
                -86.306656,
                41.734156
              ],
              [
                -86.308415,
                41.734629
              ],
              [
                -86.308739,
                41.734628
              ],
              [
                -86.312707,
                41.732241
              ],
              [
                -86.313402,
                41.731697
              ],
              [
                -86.31346,
                41.731342
              ]
            ]
          ],
          [
            [
              [
                -86.292057,
                41.520731
              ],
              [
                -86.291031,
                41.52073
              ],
              [
                -86.290006,
                41.520729
              ],
              [
                -86.28813,
                41.520728
              ],
              [
                -86.2876838310742,
                41.52072772304846
              ],
              [
                -86.284569,
                41.515621
              ],
              [
                -86.284823,
                41.515276
              ],
              [
                -86.288713,
                41.513282
              ],
              [
                -86.288824,
                41.512939
              ],
              [
                -86.287644,
                41.511143
              ],
              [
                -86.287551,
                41.511031
              ],
              [
                -86.287252,
                41.51083
              ],
              [
                -86.286823,
                41.510921
              ],
              [
                -86.285036,
                41.513263
              ],
              [
                -86.282038,
                41.517129
              ],
              [
                -86.281467,
                41.517426
              ],
              [
                -86.281146,
                41.51758
              ],
              [
                -86.280744,
                41.517789
              ],
              [
                -86.280348,
                41.517995
              ],
              [
                -86.278905,
                41.518633
              ],
              [
                -86.277452,
                41.519276
              ],
              [
                -86.272663,
                41.516922
              ],
              [
                -86.272531,
                41.51442
              ],
              [
                -86.272506,
                41.51369
              ],
              [
                -86.27248,
                41.512941
              ],
              [
                -86.272443,
                41.512725
              ],
              [
                -86.272257,
                41.509884
              ],
              [
                -86.272275,
                41.509633
              ],
              [
                -86.272268,
                41.509278
              ],
              [
                -86.272243,
                41.508803
              ],
              [
                -86.272219,
                41.508327
              ],
              [
                -86.271859,
                41.508346
              ],
              [
                -86.271884,
                41.508821
              ],
              [
                -86.271259,
                41.510988
              ],
              [
                -86.26609228939891,
                41.51273002919312
              ],
              [
                -86.263235,
                41.512241
              ],
              [
                -86.262959,
                41.512111
              ],
              [
                -86.262385,
                41.511858
              ],
              [
                -86.261811,
                41.511604
              ],
              [
                -86.261666,
                41.511934
              ],
              [
                -86.26224,
                41.512187
              ],
              [
                -86.262813,
                41.512441
              ],
              [
                -86.263081,
                41.512567
              ],
              [
                -86.26352,
                41.512786
              ],
              [
                -86.263697,
                41.512883
              ],
              [
                -86.266615,
                41.516657
              ],
              [
                -86.266698,
                41.516872
              ],
              [
                -86.26682,
                41.517084
              ],
              [
                -86.267008,
                41.517324
              ],
              [
                -86.268017,
                41.522155
              ],
              [
                -86.264774,
                41.524344
              ],
              [
                -86.262014,
                41.524334
              ],
              [
                -86.26052,
                41.524328
              ],
              [
                -86.259025,
                41.524322
              ],
              [
                -86.25902499974637,
                41.52432209130334
              ],
              [
                -86.256493,
                41.524312
              ],
              [
                -86.255259,
                41.524308
              ],
              [
                -86.2548921935464,
                41.52430710752687
              ],
              [
                -86.25432,
                41.524305
              ],
              [
                -86.254319998013,
                41.52430571532363
              ],
              [
                -86.254026,
                41.524305
              ],
              [
                -86.254025,
                41.524665
              ],
              [
                -86.256163,
                41.525351
              ],
              [
                -86.259252,
                41.524683
              ],
              [
                -86.262012,
                41.524694
              ],
              [
                -86.267482,
                41.526462
              ],
              [
                -86.2691726408273,
                41.527068311887476
              ],
              [
                -86.271142,
                41.531274
              ],
              [
                -86.267223,
                41.534821
              ],
              [
                -86.265175,
                41.535254
              ],
              [
                -86.261631,
                41.53458
              ],
              [
                -86.258523,
                41.535393
              ],
              [
                -86.25745,
                41.535402
              ],
              [
                -86.253625,
                41.531462
              ],
              [
                -86.253265,
                41.531462
              ],
              [
                -86.249737,
                41.535195
              ],
              [
                -86.249736,
                41.535555
              ],
              [
                -86.253212,
                41.538342
              ],
              [
                -86.253571,
                41.538348
              ],
              [
                -86.258526,
                41.535753
              ],
              [
                -86.259605,
                41.535743
              ],
              [
                -86.260044,
                41.535731
              ],
              [
                -86.26048,
                41.535718
              ],
              [
                -86.261063,
                41.53569
              ],
              [
                -86.261642,
                41.535661
              ],
              [
                -86.262376,
                41.535638
              ],
              [
                -86.263114,
                41.535615
              ],
              [
                -86.265175,
                41.535614
              ],
              [
                -86.26724,
                41.535614
              ],
              [
                -86.269458,
                41.540993
              ],
              [
                -86.269369,
                41.542437
              ],
              [
                -86.268682,
                41.545419
              ],
              [
                -86.269045,
                41.547819
              ],
              [
                -86.269397,
                41.547898
              ],
              [
                -86.270185,
                41.547429
              ],
              [
                -86.274553,
                41.543859
              ],
              [
                -86.276239,
                41.544697
              ],
              [
                -86.278194,
                41.543522
              ],
              [
                -86.278194,
                41.543162
              ],
              [
                -86.278055,
                41.538635
              ],
              [
                -86.282633,
                41.53563
              ],
              [
                -86.284263,
                41.53562
              ],
              [
                -86.285892,
                41.535609
              ],
              [
                -86.287522,
                41.535599
              ],
              [
                -86.289136,
                41.535577
              ],
              [
                -86.29075,
                41.535556
              ],
              [
                -86.290745,
                41.535196
              ],
              [
                -86.289131,
                41.535218
              ],
              [
                -86.287518,
                41.535239
              ],
              [
                -86.28589,
                41.535249
              ],
              [
                -86.281799,
                41.531836
              ],
              [
                -86.2810815830822,
                41.53022119071791
              ],
              [
                -86.282441,
                41.527623
              ],
              [
                -86.282778,
                41.527418
              ],
              [
                -86.28273,
                41.527217
              ],
              [
                -86.282415,
                41.527264
              ],
              [
                -86.281757,
                41.527272
              ],
              [
                -86.27869,
                41.525752
              ],
              [
                -86.27884985326585,
                41.5218597430332
              ],
              [
                -86.282492,
                41.520939
              ],
              [
                -86.282617,
                41.520987
              ],
              [
                -86.282915,
                41.521056
              ],
              [
                -86.2831,
                41.52107
              ],
              [
                -86.283299,
                41.521085
              ],
              [
                -86.286519,
                41.521087
              ],
              [
                -86.287649,
                41.521088
              ],
              [
                -86.288778,
                41.521089
              ],
              [
                -86.288778,
                41.521088939914165
              ],
              [
                -86.288848,
                41.521089
              ],
              [
                -86.288848,
                41.52108838326226
              ],
              [
                -86.290005,
                41.521089
              ],
              [
                -86.292057,
                41.521091
              ],
              [
                -86.292057,
                41.520731
              ]
            ]
          ],
          [
            [
              [
                -86.284096,
                41.744902
              ],
              [
                -86.284092,
                41.744542
              ],
              [
                -86.280014,
                41.741058
              ],
              [
                -86.276929,
                41.738789
              ],
              [
                -86.27657,
                41.738815
              ],
              [
                -86.271725,
                41.737727
              ],
              [
                -86.268666,
                41.733023
              ],
              [
                -86.265788,
                41.730811
              ],
              [
                -86.265454,
                41.730676
              ],
              [
                -86.265263,
                41.730719
              ],
              [
                -86.264823,
                41.731071
              ],
              [
                -86.264499,
                41.732147
              ],
              [
                -86.259446,
                41.735256
              ],
              [
                -86.258196,
                41.734953
              ],
              [
                -86.257836,
                41.734958
              ],
              [
                -86.25547,
                41.737949
              ],
              [
                -86.252981,
                41.740066
              ],
              [
                -86.248162,
                41.743292
              ],
              [
                -86.248004,
                41.743451
              ],
              [
                -86.246778,
                41.744692
              ],
              [
                -86.246775,
                41.745052
              ],
              [
                -86.25067,
                41.748094
              ],
              [
                -86.253175,
                41.751076
              ],
              [
                -86.255619,
                41.751773
              ],
              [
                -86.255979,
                41.751769
              ],
              [
                -86.255965,
                41.750513
              ],
              [
                -86.255952,
                41.749257
              ],
              [
                -86.259405,
                41.745207
              ],
              [
                -86.262355,
                41.748935
              ],
              [
                -86.261981,
                41.751259
              ],
              [
                -86.262096,
                41.756786
              ],
              [
                -86.26304,
                41.757725
              ],
              [
                -86.266964,
                41.759306
              ],
              [
                -86.268313,
                41.758109
              ],
              [
                -86.268299,
                41.757938
              ],
              [
                -86.268016,
                41.757072
              ],
              [
                -86.266455,
                41.755424
              ],
              [
                -86.268927,
                41.750998
              ],
              [
                -86.269538,
                41.750597
              ],
              [
                -86.274943,
                41.750871
              ],
              [
                -86.275302,
                41.750864
              ],
              [
                -86.275434,
                41.750512
              ],
              [
                -86.275663,
                41.749456
              ],
              [
                -86.279321,
                41.745112
              ],
              [
                -86.281026,
                41.746425
              ],
              [
                -86.281398,
                41.746649
              ],
              [
                -86.281758,
                41.746645
              ],
              [
                -86.284096,
                41.744902
              ]
            ]
          ],
          [
            [
              [
                -86.269376,
                41.827047
              ],
              [
                -86.267065,
                41.82518
              ],
              [
                -86.264452,
                41.822882
              ],
              [
                -86.261716,
                41.821203
              ],
              [
                -86.258907,
                41.820005
              ],
              [
                -86.255763,
                41.817361
              ],
              [
                -86.255403,
                41.817368
              ],
              [
                -86.25219049935784,
                41.819194949967326
              ],
              [
                -86.251987,
                41.818652
              ],
              [
                -86.248541,
                41.815523
              ],
              [
                -86.248156,
                41.81526
              ],
              [
                -86.243555,
                41.812194
              ],
              [
                -86.240013,
                41.809533
              ],
              [
                -86.239653,
                41.809532
              ],
              [
                -86.237114,
                41.811167
              ],
              [
                -86.233343,
                41.813802
              ],
              [
                -86.230469,
                41.810128
              ],
              [
                -86.230479,
                41.809871
              ],
              [
                -86.23049,
                41.809614
              ],
              [
                -86.228213,
                41.808969
              ],
              [
                -86.222973,
                41.808969
              ],
              [
                -86.222643,
                41.809114
              ],
              [
                -86.220956,
                41.811909
              ],
              [
                -86.220953,
                41.812269
              ],
              [
                -86.222432,
                41.813432
              ],
              [
                -86.22273,
                41.813771
              ],
              [
                -86.224303,
                41.814157
              ],
              [
                -86.225071,
                41.819895
              ],
              [
                -86.222917,
                41.821271
              ],
              [
                -86.220711,
                41.82449
              ],
              [
                -86.220708,
                41.82485
              ],
              [
                -86.22364,
                41.826817
              ],
              [
                -86.224039,
                41.82682
              ],
              [
                -86.224439,
                41.826823
              ],
              [
                -86.229017,
                41.829523
              ],
              [
                -86.229792,
                41.832342
              ],
              [
                -86.229774,
                41.833244
              ],
              [
                -86.229726,
                41.83404
              ],
              [
                -86.231717,
                41.835862
              ],
              [
                -86.231796,
                41.841071
              ],
              [
                -86.231791,
                41.841431
              ],
              [
                -86.233057,
                41.841445
              ],
              [
                -86.234322,
                41.84146
              ],
              [
                -86.236868,
                41.841488
              ],
              [
                -86.2411,
                41.841356
              ],
              [
                -86.245249,
                41.841581
              ],
              [
                -86.245251,
                41.841581
              ],
              [
                -86.245417,
                41.841533
              ],
              [
                -86.24615582282716,
                41.84083217180163
              ],
              [
                -86.246382,
                41.841113
              ],
              [
                -86.250161,
                41.844339
              ],
              [
                -86.25047,
                41.844523
              ],
              [
                -86.253794,
                41.845356
              ],
              [
                -86.254142,
                41.845261
              ],
              [
                -86.256788,
                41.841993
              ],
              [
                -86.261775,
                41.843153
              ],
              [
                -86.262381,
                41.84492
              ],
              [
                -86.262421,
                41.845113
              ],
              [
                -86.262461,
                41.845307
              ],
              [
                -86.262814,
                41.845234
              ],
              [
                -86.266064,
                41.841074
              ],
              [
                -86.266117,
                41.840883
              ],
              [
                -86.266355,
                41.839367
              ],
              [
                -86.266192,
                41.83456
              ],
              [
                -86.266197,
                41.8342
              ],
              [
                -86.267014,
                41.830449
              ],
              [
                -86.269371,
                41.827407
              ],
              [
                -86.269376,
                41.827047
              ]
            ]
          ],
          [
            [
              [
                -86.266769,
                41.244494
              ],
              [
                -86.266765,
                41.244134
              ],
              [
                -86.265,
                41.244152
              ],
              [
                -86.261711,
                41.240225
              ],
              [
                -86.261696,
                41.239253
              ],
              [
                -86.25933,
                41.237852
              ],
              [
                -86.254945,
                41.234409
              ],
              [
                -86.254514,
                41.234286
              ],
              [
                -86.254154,
                41.234288
              ],
              [
                -86.248986,
                41.231801
              ],
              [
                -86.248793,
                41.231803
              ],
              [
                -86.248601,
                41.231806
              ],
              [
                -86.245007,
                41.23156
              ],
              [
                -86.241828,
                41.23004
              ],
              [
                -86.241486,
                41.230151
              ],
              [
                -86.240043,
                41.232489
              ],
              [
                -86.239465,
                41.233456
              ],
              [
                -86.235203,
                41.237025
              ],
              [
                -86.23456,
                41.237145
              ],
              [
                -86.234561,
                41.237505
              ],
              [
                -86.236114,
                41.238021
              ],
              [
                -86.241219,
                41.240634
              ],
              [
                -86.241308,
                41.241164
              ],
              [
                -86.241355,
                41.241437
              ],
              [
                -86.241417,
                41.241805
              ],
              [
                -86.241471,
                41.242122
              ],
              [
                -86.241206,
                41.244955
              ],
              [
                -86.241375,
                41.247137
              ],
              [
                -86.24089,
                41.25138
              ],
              [
                -86.241426,
                41.252973
              ],
              [
                -86.241786,
                41.25297
              ],
              [
                -86.246343,
                41.24977
              ],
              [
                -86.250478,
                41.249782
              ],
              [
                -86.251768,
                41.253733
              ],
              [
                -86.252183,
                41.254494
              ],
              [
                -86.25401,
                41.257175
              ],
              [
                -86.254644,
                41.257251
              ],
              [
                -86.254967,
                41.257094
              ],
              [
                -86.255051,
                41.256852
              ],
              [
                -86.25416,
                41.25481
              ],
              [
                -86.253059,
                41.252784
              ],
              [
                -86.252233,
                41.251173
              ],
              [
                -86.251559,
                41.249708
              ],
              [
                -86.251527,
                41.249611
              ],
              [
                -86.252377,
                41.24569
              ],
              [
                -86.256821,
                41.246552
              ],
              [
                -86.257008,
                41.246731
              ],
              [
                -86.261196,
                41.249768
              ],
              [
                -86.261556,
                41.249763
              ],
              [
                -86.261854,
                41.249648
              ],
              [
                -86.262396,
                41.248179
              ],
              [
                -86.266769,
                41.244494
              ]
            ]
          ],
          [
            [
              [
                -86.180617,
                41.446657
              ],
              [
                -86.180172,
                41.443692
              ],
              [
                -86.180094,
                41.44334
              ],
              [
                -86.177514,
                41.443916
              ],
              [
                -86.177224,
                41.443988
              ],
              [
                -86.176993,
                41.44406
              ],
              [
                -86.171911,
                41.441747
              ],
              [
                -86.171642,
                41.44083
              ],
              [
                -86.171483,
                41.440376
              ],
              [
                -86.16953,
                41.44015
              ],
              [
                -86.16555,
                41.439658
              ],
              [
                -86.161391,
                41.439511
              ],
              [
                -86.159237,
                41.435369
              ],
              [
                -86.156231,
                41.433272
              ],
              [
                -86.155871,
                41.433272
              ],
              [
                -86.155871,
                41.43555
              ],
              [
                -86.1558743433784,
                41.43600899809234
              ],
              [
                -86.155874,
                41.436009
              ],
              [
                -86.15588736171476,
                41.437820996985714
              ],
              [
                -86.155887,
                41.437821
              ],
              [
                -86.15253634639049,
                41.44183421223287
              ],
              [
                -86.149887,
                41.441532
              ],
              [
                -86.148017,
                41.440013
              ],
              [
                -86.147837,
                41.439741
              ],
              [
                -86.14662,
                41.436006
              ],
              [
                -86.146619,
                41.435954
              ],
              [
                -86.14661538421028,
                41.43595148113525
              ],
              [
                -86.14661,
                41.435351
              ],
              [
                -86.146607,
                41.434153
              ],
              [
                -86.14660311913006,
                41.432989709237354
              ],
              [
                -86.147497,
                41.430808
              ],
              [
                -86.147497,
                41.430448
              ],
              [
                -86.146597,
                41.430152
              ],
              [
                -86.146237,
                41.430152
              ],
              [
                -86.146237,
                41.430629
              ],
              [
                -86.14623863335709,
                41.431271998240675
              ],
              [
                -86.146238,
                41.431272
              ],
              [
                -86.142622,
                41.435421
              ],
              [
                -86.140776,
                41.435426
              ],
              [
                -86.138931,
                41.435431
              ],
              [
                -86.136501,
                41.43862
              ],
              [
                -86.134234,
                41.441304
              ],
              [
                -86.13376872137272,
                41.44237694185121
              ],
              [
                -86.133471,
                41.442684
              ],
              [
                -86.129685,
                41.445863
              ],
              [
                -86.128544,
                41.446231
              ],
              [
                -86.12851,
                41.446589
              ],
              [
                -86.131695,
                41.448029
              ],
              [
                -86.131856,
                41.448124
              ],
              [
                -86.132038,
                41.448153
              ],
              [
                -86.132763,
                41.448219
              ],
              [
                -86.136787,
                41.450654
              ],
              [
                -86.136096,
                41.453218
              ],
              [
                -86.135924,
                41.453406
              ],
              [
                -86.136191,
                41.453648
              ],
              [
                -86.140679,
                41.455895
              ],
              [
                -86.141011,
                41.455893
              ],
              [
                -86.141342,
                41.455891
              ],
              [
                -86.142166,
                41.455706
              ],
              [
                -86.146427,
                41.459385
              ],
              [
                -86.146432,
                41.459784
              ],
              [
                -86.146792,
                41.45978
              ],
              [
                -86.147537,
                41.459448
              ],
              [
                -86.147766,
                41.459195
              ],
              [
                -86.14968793746434,
                41.457910878763045
              ],
              [
                -86.151443,
                41.458671
              ],
              [
                -86.152978,
                41.460209
              ],
              [
                -86.156086,
                41.462053
              ],
              [
                -86.156446,
                41.46205
              ],
              [
                -86.157726,
                41.461615
              ],
              [
                -86.162214,
                41.459211
              ],
              [
                -86.16692,
                41.455895
              ],
              [
                -86.16731,
                41.455828
              ],
              [
                -86.168458,
                41.455568
              ],
              [
                -86.17038732932117,
                41.45250802453489
              ],
              [
                -86.171691,
                41.452665
              ],
              [
                -86.173666,
                41.452401
              ],
              [
                -86.17376,
                41.452023
              ],
              [
                -86.173781,
                41.451861
              ],
              [
                -86.173774,
                41.451671
              ],
              [
                -86.173725,
                41.451492
              ],
              [
                -86.173613,
                41.451327
              ],
              [
                -86.175326,
                41.445589
              ],
              [
                -86.175552,
                41.445602
              ],
              [
                -86.175787,
                41.445632
              ],
              [
                -86.176349,
                41.445735
              ],
              [
                -86.176677,
                41.445807
              ],
              [
                -86.178594,
                41.446404
              ],
              [
                -86.18051,
                41.447001
              ],
              [
                -86.180617,
                41.446657
              ]
            ]
          ],
          [
            [
              [
                -86.153679,
                41.738953
              ],
              [
                -86.153677,
                41.738593
              ],
              [
                -86.152728,
                41.736511
              ],
              [
                -86.152561,
                41.736192
              ],
              [
                -86.151344,
                41.735612
              ],
              [
                -86.149361,
                41.735027
              ],
              [
                -86.149001,
                41.735033
              ],
              [
                -86.144802,
                41.735257
              ],
              [
                -86.141381,
                41.734051
              ],
              [
                -86.138906,
                41.733825
              ],
              [
                -86.135774,
                41.734193
              ],
              [
                -86.135489,
                41.734244
              ],
              [
                -86.135349,
                41.734309
              ],
              [
                -86.133783,
                41.735481
              ],
              [
                -86.129848,
                41.73828
              ],
              [
                -86.129522,
                41.738756
              ],
              [
                -86.128883,
                41.742424
              ],
              [
                -86.12889,
                41.742784
              ],
              [
                -86.128776,
                41.74847
              ],
              [
                -86.127743,
                41.749023
              ],
              [
                -86.12755,
                41.749105
              ],
              [
                -86.127048,
                41.749297
              ],
              [
                -86.126658,
                41.749601
              ],
              [
                -86.126618,
                41.749749
              ],
              [
                -86.126711,
                41.749936
              ],
              [
                -86.126788,
                41.750066
              ],
              [
                -86.130279,
                41.753749
              ],
              [
                -86.132466,
                41.755422
              ],
              [
                -86.137424,
                41.758407
              ],
              [
                -86.141807,
                41.759025
              ],
              [
                -86.145908,
                41.756631
              ],
              [
                -86.150636,
                41.753554
              ],
              [
                -86.151655,
                41.750489
              ],
              [
                -86.151968,
                41.749517
              ],
              [
                -86.152692,
                41.744511
              ],
              [
                -86.153679,
                41.738953
              ]
            ]
          ],
          [
            [
              [
                -86.136126,
                41.295548
              ],
              [
                -86.136124,
                41.295188
              ],
              [
                -86.135381,
                41.294912
              ],
              [
                -86.135021,
                41.294915
              ],
              [
                -86.13193137061621,
                41.29521167634238
              ],
              [
                -86.130576,
                41.295218
              ],
              [
                -86.125256,
                41.295274
              ],
              [
                -86.122832,
                41.293817
              ],
              [
                -86.121528,
                41.29034
              ],
              [
                -86.121197,
                41.2902
              ],
              [
                -86.116757,
                41.287626
              ],
              [
                -86.1163290120461,
                41.28506307213586
              ],
              [
                -86.11632901069217,
                41.2850629733863
              ],
              [
                -86.117245,
                41.282783
              ],
              [
                -86.11728,
                41.282621
              ],
              [
                -86.116271,
                41.2812
              ],
              [
                -86.115911,
                41.281206
              ],
              [
                -86.115935,
                41.28259
              ],
              [
                -86.115969,
                41.285067
              ],
              [
                -86.111626,
                41.288132
              ],
              [
                -86.109401,
                41.28815
              ],
              [
                -86.10804614513076,
                41.28816152087474
              ],
              [
                -86.107083,
                41.288169
              ],
              [
                -86.107082407592,
                41.288169399033265
              ],
              [
                -86.105872,
                41.288179
              ],
              [
                -86.102405,
                41.29132
              ],
              [
                -86.100043,
                41.290762
              ],
              [
                -86.097964,
                41.290255
              ],
              [
                -86.095885,
                41.289747
              ],
              [
                -86.0958,
                41.290097
              ],
              [
                -86.096366,
                41.295884
              ],
              [
                -86.09640196814986,
                41.295883686752795
              ],
              [
                -86.096402,
                41.295884
              ],
              [
                -86.098336,
                41.295867
              ],
              [
                -86.10027,
                41.295849
              ],
              [
                -86.10264,
                41.295828
              ],
              [
                -86.105573,
                41.299963
              ],
              [
                -86.102082,
                41.302724
              ],
              [
                -86.102086,
                41.303084
              ],
              [
                -86.10526,
                41.303052
              ],
              [
                -86.10630521207047,
                41.30292644097812
              ],
              [
                -86.106335,
                41.303047
              ],
              [
                -86.10658,
                41.303046
              ],
              [
                -86.106825,
                41.303044
              ],
              [
                -86.111513,
                41.304225
              ],
              [
                -86.115478,
                41.306894
              ],
              [
                -86.115628,
                41.308782
              ],
              [
                -86.116175,
                41.310182
              ],
              [
                -86.116358,
                41.31025
              ],
              [
                -86.116507,
                41.310247
              ],
              [
                -86.116535,
                41.310182
              ],
              [
                -86.116535,
                41.31007
              ],
              [
                -86.1165212295082,
                41.309998
              ],
              [
                -86.116535,
                41.309998
              ],
              [
                -86.116534,
                41.309386
              ],
              [
                -86.120018,
                41.30474
              ],
              [
                -86.122204,
                41.304718
              ],
              [
                -86.123883,
                41.304702
              ],
              [
                -86.12518147476561,
                41.304688852846326
              ],
              [
                -86.125473,
                41.304686
              ],
              [
                -86.12547299890159,
                41.30468590114275
              ],
              [
                -86.125562,
                41.304685
              ],
              [
                -86.125558,
                41.304325
              ],
              [
                -86.123294,
                41.298963
              ],
              [
                -86.126109,
                41.29751
              ],
              [
                -86.128934,
                41.298205
              ],
              [
                -86.131469,
                41.298829
              ],
              [
                -86.134005,
                41.299453
              ],
              [
                -86.13400510293557,
                41.29945258107618
              ],
              [
                -86.134584,
                41.299595
              ],
              [
                -86.134608,
                41.299601
              ],
              [
                -86.134791,
                41.299498
              ],
              [
                -86.134798,
                41.29948
              ],
              [
                -86.136126,
                41.295548
              ]
            ]
          ],
          [
            [
              [
                -86.127773,
                41.98319
              ],
              [
                -86.127631,
                41.982042
              ],
              [
                -86.12719,
                41.981407
              ],
              [
                -86.124234,
                41.979225
              ],
              [
                -86.124226,
                41.975625
              ],
              [
                -86.120056,
                41.972066
              ],
              [
                -86.119746,
                41.971831
              ],
              [
                -86.119461,
                41.971834
              ],
              [
                -86.116472,
                41.972407
              ],
              [
                -86.115465,
                41.972543
              ],
              [
                -86.112904,
                41.974074
              ],
              [
                -86.109074,
                41.97132
              ],
              [
                -86.109072,
                41.969611
              ],
              [
                -86.105472,
                41.969616
              ],
              [
                -86.105474,
                41.971325
              ],
              [
                -86.104842,
                41.973608
              ],
              [
                -86.102548,
                41.976074
              ],
              [
                -86.09762,
                41.975336
              ],
              [
                -86.096768,
                41.975314
              ],
              [
                -86.096409,
                41.97562
              ],
              [
                -86.095824,
                41.976435
              ],
              [
                -86.095803,
                41.976712
              ],
              [
                -86.095775,
                41.977135
              ],
              [
                -86.095923,
                41.97826
              ],
              [
                -86.095299,
                41.980349
              ],
              [
                -86.091045,
                41.98178
              ],
              [
                -86.090771,
                41.981695
              ],
              [
                -86.089211,
                41.982612
              ],
              [
                -86.089123,
                41.982696
              ],
              [
                -86.089698,
                41.985132
              ],
              [
                -86.093176,
                41.988498
              ],
              [
                -86.095242,
                41.992641
              ],
              [
                -86.09529,
                41.992738
              ],
              [
                -86.09786,
                41.995112
              ],
              [
                -86.098503,
                41.994957
              ],
              [
                -86.102103,
                41.994942
              ],
              [
                -86.107008,
                41.998129
              ],
              [
                -86.107279,
                41.998178
              ],
              [
                -86.109127,
                41.996466
              ],
              [
                -86.11134,
                41.994132
              ],
              [
                -86.116638,
                41.994
              ],
              [
                -86.11735,
                41.994997
              ],
              [
                -86.120417,
                41.99311
              ],
              [
                -86.124431,
                41.98912
              ],
              [
                -86.126755,
                41.986305
              ],
              [
                -86.127728,
                41.98341
              ],
              [
                -86.127773,
                41.98319
              ]
            ]
          ],
          [
            [
              [
                -86.119641,
                41.738794
              ],
              [
                -86.119618,
                41.738435
              ],
              [
                -86.118608,
                41.737714
              ],
              [
                -86.11481,
                41.734736
              ],
              [
                -86.110791,
                41.730807
              ],
              [
                -86.110431,
                41.73081
              ],
              [
                -86.106422,
                41.734704
              ],
              [
                -86.104963,
                41.734474
              ],
              [
                -86.104946,
                41.734469
              ],
              [
                -86.104771,
                41.734428
              ],
              [
                -86.104755,
                41.734425
              ],
              [
                -86.104499,
                41.734389
              ],
              [
                -86.104484,
                41.734387
              ],
              [
                -86.104287,
                41.734376
              ],
              [
                -86.104275,
                41.734376
              ],
              [
                -86.103821,
                41.734381
              ],
              [
                -86.102131,
                41.734204
              ],
              [
                -86.097331,
                41.737372
              ],
              [
                -86.097144,
                41.737679
              ],
              [
                -86.097557,
                41.740258
              ],
              [
                -86.099251,
                41.742627
              ],
              [
                -86.101028,
                41.74418
              ],
              [
                -86.101388,
                41.744189
              ],
              [
                -86.104148,
                41.743717
              ],
              [
                -86.104678,
                41.743465
              ],
              [
                -86.109569,
                41.746343
              ],
              [
                -86.10966,
                41.746691
              ],
              [
                -86.110739,
                41.747286
              ],
              [
                -86.111099,
                41.747279
              ],
              [
                -86.113112,
                41.745359
              ],
              [
                -86.116998,
                41.742867
              ],
              [
                -86.119641,
                41.738794
              ]
            ]
          ],
          [
            [
              [
                -86.11782,
                41.682554
              ],
              [
                -86.117745,
                41.682379
              ],
              [
                -86.117196,
                41.682037
              ],
              [
                -86.112115,
                41.679758
              ],
              [
                -86.10981,
                41.678429
              ],
              [
                -86.10945,
                41.678435
              ],
              [
                -86.108816,
                41.678837
              ],
              [
                -86.106056,
                41.680901
              ],
              [
                -86.105387,
                41.681444
              ],
              [
                -86.1023,
                41.685059
              ],
              [
                -86.100124,
                41.687428
              ],
              [
                -86.100225,
                41.687773
              ],
              [
                -86.101863,
                41.688163
              ],
              [
                -86.106746,
                41.69139
              ],
              [
                -86.104848,
                41.696781
              ],
              [
                -86.104721,
                41.697118
              ],
              [
                -86.106046,
                41.699939
              ],
              [
                -86.107495,
                41.70111
              ],
              [
                -86.110361,
                41.704766
              ],
              [
                -86.110721,
                41.704766
              ],
              [
                -86.112547,
                41.701801
              ],
              [
                -86.11595,
                41.699311
              ],
              [
                -86.116095,
                41.699127
              ],
              [
                -86.116095,
                41.699102
              ],
              [
                -86.11595,
                41.698951
              ],
              [
                -86.112978,
                41.694843
              ],
              [
                -86.116343,
                41.690656
              ],
              [
                -86.116478,
                41.690419
              ],
              [
                -86.116414,
                41.690181
              ],
              [
                -86.115878,
                41.684997
              ],
              [
                -86.117441,
                41.683804
              ],
              [
                -86.117817,
                41.682766
              ],
              [
                -86.11782,
                41.682554
              ]
            ]
          ],
          [
            [
              [
                -86.115705,
                41.663446
              ],
              [
                -86.115701,
                41.663086
              ],
              [
                -86.113745,
                41.661245
              ],
              [
                -86.113478,
                41.661253
              ],
              [
                -86.113212,
                41.66126
              ],
              [
                -86.111314,
                41.661322
              ],
              [
                -86.110994,
                41.661324
              ],
              [
                -86.109968,
                41.661353
              ],
              [
                -86.109225,
                41.661357
              ],
              [
                -86.108953,
                41.661378
              ],
              [
                -86.108015,
                41.661416
              ],
              [
                -86.107325,
                41.661434
              ],
              [
                -86.106828,
                41.661459
              ],
              [
                -86.106335,
                41.661484
              ],
              [
                -86.105846,
                41.661493
              ],
              [
                -86.105351,
                41.661503
              ],
              [
                -86.104612,
                41.66153
              ],
              [
                -86.103876,
                41.661556
              ],
              [
                -86.103443,
                41.661582
              ],
              [
                -86.099693,
                41.659702
              ],
              [
                -86.099454,
                41.656075
              ],
              [
                -86.098054,
                41.655338
              ],
              [
                -86.09712,
                41.656065
              ],
              [
                -86.095435,
                41.657682
              ],
              [
                -86.090086,
                41.659625
              ],
              [
                -86.088487,
                41.659667
              ],
              [
                -86.084405,
                41.660209
              ],
              [
                -86.081924,
                41.655178
              ],
              [
                -86.08044,
                41.653521
              ],
              [
                -86.08008,
                41.653524
              ],
              [
                -86.080088,
                41.654559
              ],
              [
                -86.080095,
                41.655594
              ],
              [
                -86.080112,
                41.657854
              ],
              [
                -86.075859,
                41.660991
              ],
              [
                -86.073841,
                41.659399
              ],
              [
                -86.073726,
                41.659344
              ],
              [
                -86.073624,
                41.659332
              ],
              [
                -86.07324,
                41.659332
              ],
              [
                -86.071738,
                41.659562
              ],
              [
                -86.069885,
                41.660967
              ],
              [
                -86.068429,
                41.662107
              ],
              [
                -86.066861,
                41.663344
              ],
              [
                -86.06691,
                41.6637
              ],
              [
                -86.072078,
                41.666472
              ],
              [
                -86.073139,
                41.666937
              ],
              [
                -86.07667,
                41.66843
              ],
              [
                -86.078266,
                41.671602
              ],
              [
                -86.078175,
                41.673802
              ],
              [
                -86.080586,
                41.673437
              ],
              [
                -86.084735,
                41.672944
              ],
              [
                -86.086754,
                41.67348
              ],
              [
                -86.08739,
                41.673583
              ],
              [
                -86.08884,
                41.673801
              ],
              [
                -86.090037,
                41.673965
              ],
              [
                -86.09010947839056,
                41.67392505374534
              ],
              [
                -86.092469,
                41.674009
              ],
              [
                -86.094106,
                41.673995
              ],
              [
                -86.0997,
                41.674487
              ],
              [
                -86.102276,
                41.673439
              ],
              [
                -86.104322,
                41.67154
              ],
              [
                -86.105023,
                41.67067
              ],
              [
                -86.109603,
                41.668151
              ],
              [
                -86.11172,
                41.66651
              ],
              [
                -86.115572,
                41.663548
              ],
              [
                -86.115705,
                41.663446
              ]
            ]
          ],
          [
            [
              [
                -86.101886,
                41.794272
              ],
              [
                -86.101803,
                41.793921
              ],
              [
                -86.098911,
                41.793575
              ],
              [
                -86.098127,
                41.78858
              ],
              [
                -86.098366,
                41.787418
              ],
              [
                -86.098381,
                41.786268
              ],
              [
                -86.098396,
                41.785117
              ],
              [
                -86.093759,
                41.781835
              ],
              [
                -86.093471,
                41.781832
              ],
              [
                -86.09347,
                41.781832
              ],
              [
                -86.093182,
                41.78183
              ],
              [
                -86.09318,
                41.78219
              ],
              [
                -86.09328,
                41.783006
              ],
              [
                -86.093271,
                41.784003
              ],
              [
                -86.093438,
                41.78533
              ],
              [
                -86.088407,
                41.78797
              ],
              [
                -86.087201,
                41.788127
              ],
              [
                -86.086373,
                41.789029
              ],
              [
                -86.083899,
                41.791204
              ],
              [
                -86.082406,
                41.792881
              ],
              [
                -86.077693,
                41.793048
              ],
              [
                -86.077491,
                41.793347
              ],
              [
                -86.077582,
                41.794704
              ],
              [
                -86.077924,
                41.79739
              ],
              [
                -86.078231,
                41.799575
              ],
              [
                -86.078318,
                41.799924
              ],
              [
                -86.081829,
                41.801417
              ],
              [
                -86.084656,
                41.802599
              ],
              [
                -86.085008,
                41.802674
              ],
              [
                -86.090027,
                41.801192
              ],
              [
                -86.093247,
                41.80189
              ],
              [
                -86.096464,
                41.800486
              ],
              [
                -86.100839,
                41.79656
              ],
              [
                -86.101005,
                41.79624
              ],
              [
                -86.101886,
                41.794272
              ]
            ]
          ],
          [
            [
              [
                -86.064899,
                41.798874
              ],
              [
                -86.06485,
                41.798517
              ],
              [
                -86.061899,
                41.796737
              ],
              [
                -86.06154,
                41.79677
              ],
              [
                -86.056147,
                41.796874
              ],
              [
                -86.055108,
                41.79552
              ],
              [
                -86.054914,
                41.795422
              ],
              [
                -86.054631,
                41.795314
              ],
              [
                -86.050169,
                41.792999
              ],
              [
                -86.049788,
                41.791191
              ],
              [
                -86.049649,
                41.789384
              ],
              [
                -86.049813,
                41.787781
              ],
              [
                -86.049816,
                41.786733
              ],
              [
                -86.049818,
                41.785685
              ],
              [
                -86.049458,
                41.785684
              ],
              [
                -86.04728,
                41.789626
              ],
              [
                -86.04711,
                41.789959
              ],
              [
                -86.046439,
                41.791274
              ],
              [
                -86.045509,
                41.794812
              ],
              [
                -86.042439,
                41.795835
              ],
              [
                -86.0406,
                41.795636
              ],
              [
                -86.039605,
                41.795528
              ],
              [
                -86.038733,
                41.795433
              ],
              [
                -86.036707,
                41.7951
              ],
              [
                -86.035183,
                41.794656
              ],
              [
                -86.030336,
                41.791807
              ],
              [
                -86.029976,
                41.791802
              ],
              [
                -86.029856,
                41.791812
              ],
              [
                -86.027756,
                41.792962
              ],
              [
                -86.027676,
                41.793313
              ],
              [
                -86.031166,
                41.795828
              ],
              [
                -86.03199,
                41.799729
              ],
              [
                -86.032138,
                41.800058
              ],
              [
                -86.036697,
                41.803949
              ],
              [
                -86.036413,
                41.804982
              ],
              [
                -86.036375,
                41.805252
              ],
              [
                -86.03638,
                41.805258
              ],
              [
                -86.036593,
                41.805294
              ],
              [
                -86.041883,
                41.806872
              ],
              [
                -86.044498,
                41.810881
              ],
              [
                -86.044858,
                41.810886
              ],
              [
                -86.048893,
                41.807973
              ],
              [
                -86.048892,
                41.807613
              ],
              [
                -86.047811,
                41.805334
              ],
              [
                -86.051871,
                41.801893
              ],
              [
                -86.052086,
                41.801908
              ],
              [
                -86.056982,
                41.801541
              ],
              [
                -86.057106,
                41.801584
              ],
              [
                -86.057252,
                41.801603
              ],
              [
                -86.057487,
                41.801619
              ],
              [
                -86.061883,
                41.799293
              ],
              [
                -86.063391,
                41.799083
              ],
              [
                -86.064899,
                41.798874
              ]
            ]
          ],
          [
            [
              [
                -86.063648,
                41.695619
              ],
              [
                -86.063647,
                41.695259
              ],
              [
                -86.061787,
                41.693687
              ],
              [
                -86.061427,
                41.693694
              ],
              [
                -86.057165,
                41.69523
              ],
              [
                -86.052032,
                41.693211
              ],
              [
                -86.049018,
                41.693372
              ],
              [
                -86.048658,
                41.693376
              ],
              [
                -86.044688,
                41.688894
              ],
              [
                -86.044683,
                41.688534
              ],
              [
                -86.04137,
                41.687735
              ],
              [
                -86.04101,
                41.687739
              ],
              [
                -86.039831,
                41.68859
              ],
              [
                -86.039199,
                41.690882
              ],
              [
                -86.035425,
                41.695367
              ],
              [
                -86.032584,
                41.69404
              ],
              [
                -86.032427,
                41.694015
              ],
              [
                -86.031046,
                41.695183
              ],
              [
                -86.031045,
                41.695543
              ],
              [
                -86.031457,
                41.695805
              ],
              [
                -86.033855,
                41.697677
              ],
              [
                -86.034735,
                41.70249
              ],
              [
                -86.034732,
                41.70285
              ],
              [
                -86.03562,
                41.703547
              ],
              [
                -86.036618,
                41.703546
              ],
              [
                -86.037615,
                41.703546
              ],
              [
                -86.039492,
                41.703694
              ],
              [
                -86.04319,
                41.702873
              ],
              [
                -86.047236,
                41.7072
              ],
              [
                -86.046494,
                41.711243
              ],
              [
                -86.046494,
                41.711603
              ],
              [
                -86.047271,
                41.71251
              ],
              [
                -86.047631,
                41.712506
              ],
              [
                -86.050326,
                41.710159
              ],
              [
                -86.052774,
                41.707913
              ],
              [
                -86.05523,
                41.706265
              ],
              [
                -86.055536,
                41.706075
              ],
              [
                -86.055846,
                41.705547
              ],
              [
                -86.055809,
                41.705189
              ],
              [
                -86.053454,
                41.703547
              ],
              [
                -86.051517,
                41.700101
              ],
              [
                -86.055445,
                41.695583
              ],
              [
                -86.057163,
                41.69559
              ],
              [
                -86.058882,
                41.695597
              ],
              [
                -86.061724,
                41.697113
              ],
              [
                -86.061903,
                41.697178
              ],
              [
                -86.062375,
                41.697178
              ],
              [
                -86.063648,
                41.695619
              ]
            ]
          ],
          [
            [
              [
                -86.059879,
                41.65573
              ],
              [
                -86.05749,
                41.652904
              ],
              [
                -86.056076,
                41.652126
              ],
              [
                -86.055793,
                41.65198
              ],
              [
                -86.055524,
                41.651843
              ],
              [
                -86.054388,
                41.651275
              ],
              [
                -86.053253,
                41.650708
              ],
              [
                -86.050406,
                41.646498
              ],
              [
                -86.04673,
                41.644923
              ],
              [
                -86.043662,
                41.640453
              ],
              [
                -86.044467,
                41.63613
              ],
              [
                -86.044495,
                41.635771
              ],
              [
                -86.041479,
                41.635537
              ],
              [
                -86.041184,
                41.635848
              ],
              [
                -86.041189,
                41.636076
              ],
              [
                -86.040384,
                41.64069
              ],
              [
                -86.035775,
                41.641674
              ],
              [
                -86.034389,
                41.640939
              ],
              [
                -86.036146,
                41.635279
              ],
              [
                -86.038668,
                41.63605
              ],
              [
                -86.03899,
                41.636318
              ],
              [
                -86.040076,
                41.635744
              ],
              [
                -86.04012,
                41.635387
              ],
              [
                -86.03944,
                41.635302
              ],
              [
                -86.03876,
                41.635218
              ],
              [
                -86.036187,
                41.634921
              ],
              [
                -86.033616,
                41.634625
              ],
              [
                -86.033155,
                41.634429
              ],
              [
                -86.031969,
                41.634379
              ],
              [
                -86.03134,
                41.634179
              ],
              [
                -86.030404,
                41.628495
              ],
              [
                -86.030405,
                41.628135
              ],
              [
                -86.028753,
                41.628132
              ],
              [
                -86.025735,
                41.623573
              ],
              [
                -86.025731,
                41.623213
              ],
              [
                -86.024606,
                41.62174
              ],
              [
                -86.022086,
                41.62105
              ],
              [
                -86.021726,
                41.621054
              ],
              [
                -86.019296,
                41.623464
              ],
              [
                -86.019268,
                41.623823
              ],
              [
                -86.021407,
                41.627437
              ],
              [
                -86.021396,
                41.62779
              ],
              [
                -86.019004,
                41.633033
              ],
              [
                -86.016543,
                41.632208
              ],
              [
                -86.015455,
                41.631121
              ],
              [
                -86.01524,
                41.630796
              ],
              [
                -86.014715,
                41.630236
              ],
              [
                -86.013453,
                41.62734
              ],
              [
                -86.013311,
                41.626208
              ],
              [
                -86.013281,
                41.625894
              ],
              [
                -86.013253,
                41.625589
              ],
              [
                -86.013245,
                41.625385
              ],
              [
                -86.013237,
                41.625185
              ],
              [
                -86.01323694419686,
                41.625181000775044
              ],
              [
                -86.013237,
                41.625181
              ],
              [
                -86.01578,
                41.623477
              ],
              [
                -86.015742,
                41.623119
              ],
              [
                -86.012891,
                41.622695
              ],
              [
                -86.010137,
                41.623252
              ],
              [
                -86.007335,
                41.623254
              ],
              [
                -86.004966,
                41.623263
              ],
              [
                -86.002721,
                41.618737
              ],
              [
                -86.002693,
                41.616379
              ],
              [
                -86.002997,
                41.614173
              ],
              [
                -86.002975,
                41.613814
              ],
              [
                -86.002662,
                41.613772
              ],
              [
                -86.002302,
                41.613776
              ],
              [
                -86.002145,
                41.613854
              ],
              [
                -86.002155,
                41.614214
              ],
              [
                -86.002333,
                41.616384
              ],
              [
                -86.002361,
                41.618741
              ],
              [
                -85.998705,
                41.62319
              ],
              [
                -85.993985,
                41.623194
              ],
              [
                -85.988921,
                41.623197
              ],
              [
                -85.984425,
                41.621831
              ],
              [
                -85.984065,
                41.621839
              ],
              [
                -85.982207,
                41.623191
              ],
              [
                -85.982204,
                41.623551
              ],
              [
                -85.984109,
                41.624936
              ],
              [
                -85.987218,
                41.625521
              ],
              [
                -85.992299,
                41.623653
              ],
              [
                -85.996396,
                41.625481
              ],
              [
                -85.997808,
                41.625732
              ],
              [
                -85.999088,
                41.625938
              ],
              [
                -86.002404,
                41.628713
              ],
              [
                -86.002612,
                41.631009
              ],
              [
                -86.002622,
                41.631758
              ],
              [
                -86.002613,
                41.633016
              ],
              [
                -86.002618,
                41.63334
              ],
              [
                -86.002978,
                41.633335
              ],
              [
                -86.002973,
                41.633011
              ],
              [
                -86.002775,
                41.631697
              ],
              [
                -86.002764,
                41.630962
              ],
              [
                -86.002918,
                41.628685
              ],
              [
                -86.007499,
                41.625195
              ],
              [
                -86.01287694392656,
                41.62518600009384
              ],
              [
                -86.012877,
                41.62519
              ],
              [
                -86.012885,
                41.625399
              ],
              [
                -86.012893,
                41.625603
              ],
              [
                -86.012923,
                41.625927
              ],
              [
                -86.012952,
                41.626241
              ],
              [
                -86.013095,
                41.627385
              ],
              [
                -86.013238,
                41.628523
              ],
              [
                -86.013572,
                41.629454
              ],
              [
                -86.013669,
                41.629619
              ],
              [
                -86.013924,
                41.629918
              ],
              [
                -86.014453,
                41.630482
              ],
              [
                -86.015409,
                41.631837
              ],
              [
                -86.015524,
                41.632013
              ],
              [
                -86.015655,
                41.632164
              ],
              [
                -86.016287,
                41.633111
              ],
              [
                -86.014468,
                41.638715
              ],
              [
                -86.013352,
                41.638727
              ],
              [
                -86.013204,
                41.638769
              ],
              [
                -86.010274,
                41.64173
              ],
              [
                -86.010395,
                41.64207
              ],
              [
                -86.011815,
                41.641563
              ],
              [
                -86.013235,
                41.641057
              ],
              [
                -86.018194,
                41.643488
              ],
              [
                -86.018207,
                41.644432
              ],
              [
                -86.01822,
                41.644651
              ],
              [
                -86.018918,
                41.646393
              ],
              [
                -86.018959,
                41.646491
              ],
              [
                -86.019244,
                41.646706
              ],
              [
                -86.022281,
                41.648955
              ],
              [
                -86.022691,
                41.648959
              ],
              [
                -86.024571,
                41.647193
              ],
              [
                -86.027363,
                41.645351
              ],
              [
                -86.02798902848959,
                41.64507656406282
              ],
              [
                -86.027992,
                41.645344
              ],
              [
                -86.029841,
                41.646972
              ],
              [
                -86.030201,
                41.64697
              ],
              [
                -86.031998,
                41.645287
              ],
              [
                -86.036154,
                41.648229
              ],
              [
                -86.037822,
                41.6521
              ],
              [
                -86.037823,
                41.65246
              ],
              [
                -86.038333,
                41.652943
              ],
              [
                -86.041509,
                41.655124
              ],
              [
                -86.041869,
                41.655116
              ],
              [
                -86.044259,
                41.653436
              ],
              [
                -86.045423,
                41.652488
              ],
              [
                -86.046613,
                41.651577
              ],
              [
                -86.048787,
                41.650657
              ],
              [
                -86.052615,
                41.655077
              ],
              [
                -86.052617,
                41.655437
              ],
              [
                -86.054186,
                41.656946
              ],
              [
                -86.054467,
                41.657171
              ],
              [
                -86.056064,
                41.657905
              ],
              [
                -86.056424,
                41.657902
              ],
              [
                -86.058063,
                41.657747
              ],
              [
                -86.059873,
                41.65609
              ],
              [
                -86.059879,
                41.65573
              ]
            ]
          ],
          [
            [
              [
                -86.031338,
                41.911543
              ],
              [
                -86.028654,
                41.908824
              ],
              [
                -86.028294,
                41.908831
              ],
              [
                -86.025035,
                41.911486
              ],
              [
                -86.022413,
                41.910868
              ],
              [
                -86.02104,
                41.905829
              ],
              [
                -86.020916,
                41.905491
              ],
              [
                -86.018722,
                41.90115
              ],
              [
                -86.01525,
                41.897408
              ],
              [
                -86.009697,
                41.898072
              ],
              [
                -86.009757,
                41.900548
              ],
              [
                -86.005291,
                41.904311
              ],
              [
                -86.004931,
                41.904299
              ],
              [
                -86.003784,
                41.904122
              ],
              [
                -86.003448,
                41.904103
              ],
              [
                -86.003103,
                41.904084
              ],
              [
                -86.002292,
                41.904081
              ],
              [
                -86.00148,
                41.904078
              ],
              [
                -85.99967184058639,
                41.90619362796256
              ],
              [
                -85.999401,
                41.906167
              ],
              [
                -85.998856,
                41.906176
              ],
              [
                -85.998312,
                41.906185
              ],
              [
                -85.998311,
                41.906185
              ],
              [
                -85.997822,
                41.906189
              ],
              [
                -85.997332,
                41.906194
              ],
              [
                -85.996097,
                41.90821
              ],
              [
                -85.992122,
                41.910427
              ],
              [
                -85.991408,
                41.911348
              ],
              [
                -85.991416,
                41.911708
              ],
              [
                -85.991742,
                41.91195
              ],
              [
                -85.99346,
                41.913222
              ],
              [
                -85.996717,
                41.915671
              ],
              [
                -86.000464,
                41.918051
              ],
              [
                -86.003,
                41.921787
              ],
              [
                -86.004345,
                41.922423
              ],
              [
                -86.009313,
                41.924492
              ],
              [
                -86.010037,
                41.926188
              ],
              [
                -86.010253,
                41.926188
              ],
              [
                -86.010433,
                41.926169
              ],
              [
                -86.010782,
                41.926104
              ],
              [
                -86.010743,
                41.925746
              ],
              [
                -86.010238,
                41.92446
              ],
              [
                -86.01021711428227,
                41.923500997460394
              ],
              [
                -86.010397,
                41.923497
              ],
              [
                -86.014601,
                41.920105
              ],
              [
                -86.016199,
                41.920699
              ],
              [
                -86.017046,
                41.920888
              ],
              [
                -86.017893,
                41.921076
              ],
              [
                -86.01789338000337,
                41.92107431163058
              ],
              [
                -86.019968,
                41.921524
              ],
              [
                -86.020056,
                41.921542
              ],
              [
                -86.020128,
                41.92119
              ],
              [
                -86.019504,
                41.920395
              ],
              [
                -86.01918,
                41.920239
              ],
              [
                -86.016853,
                41.917676
              ],
              [
                -86.016833,
                41.914156
              ],
              [
                -86.021716,
                41.913958
              ],
              [
                -86.025072,
                41.916468
              ],
              [
                -86.025431,
                41.916439
              ],
              [
                -86.025407,
                41.916148
              ],
              [
                -86.028492,
                41.911871
              ],
              [
                -86.031334,
                41.911903
              ],
              [
                -86.031338,
                41.911543
              ]
            ]
          ],
          [
            [
              [
                -86.027138,
                41.736028
              ],
              [
                -86.02699,
                41.7357
              ],
              [
                -86.022881,
                41.733647
              ],
              [
                -86.017332,
                41.732757
              ],
              [
                -86.016223,
                41.732698
              ],
              [
                -86.015956,
                41.73294
              ],
              [
                -86.011288,
                41.73635
              ],
              [
                -86.008694,
                41.734634
              ],
              [
                -86.008571,
                41.7346
              ],
              [
                -86.005825,
                41.734119
              ],
              [
                -86.002615,
                41.737666
              ],
              [
                -85.999769,
                41.734663
              ],
              [
                -85.999773,
                41.734331
              ],
              [
                -85.999776,
                41.733999
              ],
              [
                -85.999416,
                41.733995
              ],
              [
                -85.995782,
                41.735177
              ],
              [
                -85.993095,
                41.734936
              ],
              [
                -85.99268896512885,
                41.735234093917775
              ],
              [
                -85.992683,
                41.735229
              ],
              [
                -85.987606,
                41.73333
              ],
              [
                -85.981963,
                41.732166
              ],
              [
                -85.981563,
                41.731775
              ],
              [
                -85.978118,
                41.731689
              ],
              [
                -85.974758,
                41.727625
              ],
              [
                -85.974115,
                41.727025
              ],
              [
                -85.973352,
                41.726652
              ],
              [
                -85.973173,
                41.726583
              ],
              [
                -85.972898,
                41.72659
              ],
              [
                -85.972797,
                41.726682
              ],
              [
                -85.972814,
                41.727041
              ],
              [
                -85.973028,
                41.728091
              ],
              [
                -85.973043,
                41.728418
              ],
              [
                -85.97306,
                41.728705
              ],
              [
                -85.973133,
                41.729156
              ],
              [
                -85.973205,
                41.729589
              ],
              [
                -85.973246,
                41.730103
              ],
              [
                -85.973289,
                41.730632
              ],
              [
                -85.968257,
                41.73362
              ],
              [
                -85.966583,
                41.732411
              ],
              [
                -85.966223,
                41.732413
              ],
              [
                -85.963388,
                41.736117
              ],
              [
                -85.95882,
                41.737929
              ],
              [
                -85.957917,
                41.738627
              ],
              [
                -85.957919,
                41.738987
              ],
              [
                -85.95897,
                41.740639
              ],
              [
                -85.962811,
                41.742955
              ],
              [
                -85.966309,
                41.745123
              ],
              [
                -85.967805,
                41.746419
              ],
              [
                -85.972609,
                41.749973
              ],
              [
                -85.973604,
                41.750332
              ],
              [
                -85.974873,
                41.750777
              ],
              [
                -85.975232,
                41.750797
              ],
              [
                -85.975332,
                41.748981
              ],
              [
                -85.975178,
                41.748497
              ],
              [
                -85.978302,
                41.744083
              ],
              [
                -85.980994,
                41.745195
              ],
              [
                -85.981931,
                41.745752
              ],
              [
                -85.982978,
                41.746153
              ],
              [
                -85.985637,
                41.747596
              ],
              [
                -85.985997,
                41.747606
              ],
              [
                -85.987462,
                41.745929
              ],
              [
                -85.991171,
                41.743987
              ],
              [
                -85.994418,
                41.739949
              ],
              [
                -85.996234,
                41.742355
              ],
              [
                -86.00016,
                41.741968
              ],
              [
                -86.005188,
                41.739208
              ],
              [
                -86.006137,
                41.739263
              ],
              [
                -86.006397,
                41.739276
              ],
              [
                -86.006967,
                41.739285
              ],
              [
                -86.007536,
                41.739293
              ],
              [
                -86.007541,
                41.739293
              ],
              [
                -86.00933,
                41.739274
              ],
              [
                -86.01112,
                41.739256
              ],
              [
                -86.013493,
                41.739052
              ],
              [
                -86.015859,
                41.739207
              ],
              [
                -86.01704,
                41.739196
              ],
              [
                -86.018228,
                41.739185
              ],
              [
                -86.022793,
                41.742066
              ],
              [
                -86.023522,
                41.742484
              ],
              [
                -86.023579,
                41.742483
              ],
              [
                -86.024388,
                41.742246
              ],
              [
                -86.024654,
                41.742004
              ],
              [
                -86.025963,
                41.736558
              ],
              [
                -86.027138,
                41.736028
              ]
            ]
          ],
          [
            [
              [
                -86.021034,
                41.675997
              ],
              [
                -86.021003,
                41.675592
              ],
              [
                -86.020595,
                41.670632
              ],
              [
                -86.019574,
                41.666424
              ],
              [
                -86.01850864255874,
                41.665874025761966
              ],
              [
                -86.018737,
                41.665713
              ],
              [
                -86.019205,
                41.665575
              ],
              [
                -86.019421,
                41.664744
              ],
              [
                -86.01929,
                41.664409
              ],
              [
                -86.018284,
                41.663649
              ],
              [
                -86.01808,
                41.663683
              ],
              [
                -86.01791,
                41.663804
              ],
              [
                -86.01684562074136,
                41.66501551656925
              ],
              [
                -86.014985,
                41.664055
              ],
              [
                -86.01404289783926,
                41.66414990708628
              ],
              [
                -86.011911,
                41.663289
              ],
              [
                -86.011766,
                41.662959
              ],
              [
                -86.011131,
                41.657247
              ],
              [
                -86.011168,
                41.656889
              ],
              [
                -86.008007,
                41.652757
              ],
              [
                -86.00313,
                41.650669
              ],
              [
                -86.002966,
                41.650671
              ],
              [
                -86.002787,
                41.650731
              ],
              [
                -86.002122,
                41.652123
              ],
              [
                -85.997811,
                41.654099
              ],
              [
                -85.997451,
                41.654107
              ],
              [
                -85.99639567289832,
                41.65481985316244
              ],
              [
                -85.994839,
                41.653667
              ],
              [
                -85.994578,
                41.653519
              ],
              [
                -85.992157,
                41.65293
              ],
              [
                -85.991964,
                41.65287
              ],
              [
                -85.991788,
                41.65287
              ],
              [
                -85.987764,
                41.648571
              ],
              [
                -85.98506,
                41.646815
              ],
              [
                -85.984654,
                41.646701
              ],
              [
                -85.984383,
                41.6467
              ],
              [
                -85.984381,
                41.64706
              ],
              [
                -85.98456322074546,
                41.64801553210697
              ],
              [
                -85.984479,
                41.648016
              ],
              [
                -85.984481,
                41.64837
              ],
              [
                -85.984482,
                41.648725
              ],
              [
                -85.983726,
                41.651297
              ],
              [
                -85.98096805667052,
                41.65187883212241
              ],
              [
                -85.977457,
                41.648927
              ],
              [
                -85.97713,
                41.648678
              ],
              [
                -85.972299,
                41.645737
              ],
              [
                -85.9701,
                41.645875
              ],
              [
                -85.96954668716427,
                41.64598059405262
              ],
              [
                -85.968553,
                41.645702
              ],
              [
                -85.968596,
                41.643037
              ],
              [
                -85.968464,
                41.642702
              ],
              [
                -85.965289,
                41.640905
              ],
              [
                -85.964929,
                41.640909
              ],
              [
                -85.964941,
                41.641953
              ],
              [
                -85.959535,
                41.644437
              ],
              [
                -85.958425,
                41.644944
              ],
              [
                -85.956956,
                41.645434
              ],
              [
                -85.955354,
                41.646273
              ],
              [
                -85.951193,
                41.646033
              ],
              [
                -85.948185,
                41.642163
              ],
              [
                -85.947883,
                41.641968
              ],
              [
                -85.94308,
                41.642952
              ],
              [
                -85.942988,
                41.643133
              ],
              [
                -85.94298,
                41.643344
              ],
              [
                -85.943086,
                41.643383
              ],
              [
                -85.945208,
                41.644175
              ],
              [
                -85.948621,
                41.647386
              ],
              [
                -85.951419,
                41.651825
              ],
              [
                -85.95277778161567,
                41.65339139522109
              ],
              [
                -85.950535,
                41.653958
              ],
              [
                -85.946697,
                41.657501
              ],
              [
                -85.945395,
                41.659727
              ],
              [
                -85.945397,
                41.659736
              ],
              [
                -85.946536,
                41.660975
              ],
              [
                -85.949192,
                41.664709
              ],
              [
                -85.94929872265106,
                41.66482791011431
              ],
              [
                -85.948564,
                41.666093
              ],
              [
                -85.94637,
                41.668537
              ],
              [
                -85.94438,
                41.672196
              ],
              [
                -85.944414,
                41.675796
              ],
              [
                -85.946518946304,
                41.677546998324615
              ],
              [
                -85.945878,
                41.677527
              ],
              [
                -85.945518,
                41.677534
              ],
              [
                -85.943333,
                41.677579
              ],
              [
                -85.943273,
                41.677613
              ],
              [
                -85.939166,
                41.681062
              ],
              [
                -85.939167,
                41.681422
              ],
              [
                -85.939747,
                41.68142
              ],
              [
                -85.943065,
                41.683121
              ],
              [
                -85.943265,
                41.683236
              ],
              [
                -85.942909,
                41.688776
              ],
              [
                -85.939161,
                41.687827
              ],
              [
                -85.938672,
                41.687486
              ],
              [
                -85.93819,
                41.68739
              ],
              [
                -85.936569,
                41.687684
              ],
              [
                -85.934948,
                41.687977
              ],
              [
                -85.93388234689046,
                41.68843264574492
              ],
              [
                -85.93321485518545,
                41.6886020924688
              ],
              [
                -85.933541,
                41.688228
              ],
              [
                -85.933652,
                41.688199
              ],
              [
                -85.933777,
                41.688067
              ],
              [
                -85.935533,
                41.686061
              ],
              [
                -85.935527,
                41.685701
              ],
              [
                -85.935027,
                41.685364
              ],
              [
                -85.934721,
                41.685182
              ],
              [
                -85.934361,
                41.685183
              ],
              [
                -85.930006,
                41.681097
              ],
              [
                -85.925886,
                41.677806
              ],
              [
                -85.923309,
                41.675861
              ],
              [
                -85.923021,
                41.675644
              ],
              [
                -85.92141671165061,
                41.67512515393129
              ],
              [
                -85.918425,
                41.671094
              ],
              [
                -85.917312,
                41.669416
              ],
              [
                -85.915672,
                41.668367
              ],
              [
                -85.912882,
                41.667248
              ],
              [
                -85.912727,
                41.667244
              ],
              [
                -85.907961,
                41.667339
              ],
              [
                -85.905851,
                41.667384
              ],
              [
                -85.904997,
                41.667373
              ],
              [
                -85.899387,
                41.666412
              ],
              [
                -85.89919,
                41.666385
              ],
              [
                -85.898827,
                41.666412
              ],
              [
                -85.897789,
                41.666723
              ],
              [
                -85.89276,
                41.668421
              ],
              [
                -85.887588,
                41.666273
              ],
              [
                -85.887228,
                41.666288
              ],
              [
                -85.887246,
                41.666711
              ],
              [
                -85.887263,
                41.667133
              ],
              [
                -85.887343,
                41.667944
              ],
              [
                -85.887422,
                41.668746
              ],
              [
                -85.887795,
                41.671045
              ],
              [
                -85.893314,
                41.673141
              ],
              [
                -85.893852,
                41.673264
              ],
              [
                -85.894969,
                41.673527
              ],
              [
                -85.896876,
                41.673618
              ],
              [
                -85.89913,
                41.673304
              ],
              [
                -85.899724,
                41.67897
              ],
              [
                -85.89972,
                41.67933
              ],
              [
                -85.902222,
                41.681402
              ],
              [
                -85.904875,
                41.683636
              ],
              [
                -85.907241,
                41.684842
              ],
              [
                -85.907601,
                41.684837
              ],
              [
                -85.908057,
                41.684653
              ],
              [
                -85.90886164382958,
                41.684061969337684
              ],
              [
                -85.909078,
                41.684061
              ],
              [
                -85.910947,
                41.684288
              ],
              [
                -85.911393,
                41.6844
              ],
              [
                -85.914835,
                41.68644
              ],
              [
                -85.916643,
                41.689321
              ],
              [
                -85.913849,
                41.693418
              ],
              [
                -85.913062,
                41.69358
              ],
              [
                -85.910307,
                41.69412
              ],
              [
                -85.907748,
                41.693971
              ],
              [
                -85.907388,
                41.693979
              ],
              [
                -85.906437,
                41.694878
              ],
              [
                -85.906506,
                41.695231
              ],
              [
                -85.90677,
                41.695353
              ],
              [
                -85.907124,
                41.695284
              ],
              [
                -85.910376,
                41.694473
              ],
              [
                -85.913238,
                41.69419
              ],
              [
                -85.914641,
                41.69359
              ],
              [
                -85.914977,
                41.693456
              ],
              [
                -85.920717,
                41.69401
              ],
              [
                -85.920923,
                41.694114
              ],
              [
                -85.921162,
                41.694232
              ],
              [
                -85.921482,
                41.694319
              ],
              [
                -85.922977,
                41.694662
              ],
              [
                -85.924488,
                41.695006
              ],
              [
                -85.9256099265176,
                41.694915436966056
              ],
              [
                -85.926662,
                41.694985
              ],
              [
                -85.928816,
                41.694228
              ],
              [
                -85.932637,
                41.693999
              ],
              [
                -85.937873,
                41.694993
              ],
              [
                -85.941823,
                41.695985
              ],
              [
                -85.943239,
                41.696223
              ],
              [
                -85.94414476871853,
                41.6960971987891
              ],
              [
                -85.94691,
                41.695931
              ],
              [
                -85.948123,
                41.695692
              ],
              [
                -85.948209,
                41.695665
              ],
              [
                -85.948291,
                41.695612
              ],
              [
                -85.952893,
                41.693065
              ],
              [
                -85.95509649428969,
                41.6927331136364
              ],
              [
                -85.95616028014045,
                41.693365663589496
              ],
              [
                -85.956553,
                41.693783
              ],
              [
                -85.95671391178773,
                41.693810289133594
              ],
              [
                -85.95424,
                41.696242
              ],
              [
                -85.953104,
                41.697763
              ],
              [
                -85.950069,
                41.700814
              ],
              [
                -85.948316,
                41.702578
              ],
              [
                -85.948316,
                41.702607
              ],
              [
                -85.950085,
                41.704414
              ],
              [
                -85.950887,
                41.705022
              ],
              [
                -85.951943,
                41.705817
              ],
              [
                -85.955234,
                41.708263
              ],
              [
                -85.956381,
                41.708599
              ],
              [
                -85.959978,
                41.70872
              ],
              [
                -85.962243,
                41.713428
              ],
              [
                -85.965858,
                41.716105
              ],
              [
                -85.966283,
                41.716102
              ],
              [
                -85.971641,
                41.716761
              ],
              [
                -85.97241,
                41.716981
              ],
              [
                -85.972697,
                41.71698
              ],
              [
                -85.974213,
                41.715277
              ],
              [
                -85.974202,
                41.715122
              ],
              [
                -85.974794,
                41.712163
              ],
              [
                -85.974826,
                41.710992
              ],
              [
                -85.974825,
                41.710965
              ],
              [
                -85.974817,
                41.71069
              ],
              [
                -85.97455,
                41.709826
              ],
              [
                -85.972897,
                41.70651
              ],
              [
                -85.972888,
                41.706163
              ],
              [
                -85.9753190621344,
                41.704665038156385
              ],
              [
                -85.97946,
                41.705703
              ],
              [
                -85.98016121065051,
                41.70582694756055
              ],
              [
                -85.981258,
                41.707115
              ],
              [
                -85.980738,
                41.708893
              ],
              [
                -85.981392,
                41.709013
              ],
              [
                -85.982653,
                41.709013
              ],
              [
                -85.98272212630437,
                41.70895070246401
              ],
              [
                -85.983872,
                41.711106
              ],
              [
                -85.983901,
                41.714306
              ],
              [
                -85.983903,
                41.714569
              ],
              [
                -85.985333,
                41.716086
              ],
              [
                -85.985686,
                41.716089
              ],
              [
                -85.987503,
                41.714536
              ],
              [
                -85.992187,
                41.714927
              ],
              [
                -85.994613,
                41.71653
              ],
              [
                -85.995527,
                41.717122
              ],
              [
                -85.995592,
                41.717115
              ],
              [
                -86.000449,
                41.71514
              ],
              [
                -86.002313,
                41.712542
              ],
              [
                -86.003409,
                41.710757
              ],
              [
                -86.005717,
                41.707719
              ],
              [
                -86.008596,
                41.706338
              ],
              [
                -86.009223,
                41.702794
              ],
              [
                -86.008639,
                41.701598
              ],
              [
                -86.007014,
                41.698337
              ],
              [
                -86.005273,
                41.696665
              ],
              [
                -86.00521,
                41.696665
              ],
              [
                -86.00018,
                41.695049
              ],
              [
                -85.99974914506303,
                41.69451330203086
              ],
              [
                -86.001004,
                41.692985
              ],
              [
                -86.001086,
                41.692557
              ],
              [
                -86.001076,
                41.692196
              ],
              [
                -85.99972,
                41.690802
              ],
              [
                -85.99962281193017,
                41.69069376965428
              ],
              [
                -86.002396,
                41.688849
              ],
              [
                -86.00258182549584,
                41.688691573992145
              ],
              [
                -86.003465,
                41.689113
              ],
              [
                -86.003574,
                41.689112
              ],
              [
                -86.008447,
                41.686438
              ],
              [
                -86.00943839834385,
                41.68560194723255
              ],
              [
                -86.009808,
                41.685458
              ],
              [
                -86.009823,
                41.685436
              ],
              [
                -86.00982474713942,
                41.68527613674301
              ],
              [
                -86.010068,
                41.685071
              ],
              [
                -86.010197,
                41.684882
              ],
              [
                -86.009747,
                41.683081
              ],
              [
                -86.008837,
                41.68194
              ],
              [
                -86.007062,
                41.678921
              ],
              [
                -86.011505,
                41.675175
              ],
              [
                -86.011967,
                41.675228
              ],
              [
                -86.012399,
                41.675275
              ],
              [
                -86.015667,
                41.678179
              ],
              [
                -86.019462,
                41.678214
              ],
              [
                -86.020223,
                41.678101
              ],
              [
                -86.020345,
                41.677476
              ],
              [
                -86.02031486086551,
                41.676905735850035
              ],
              [
                -86.021034,
                41.675997
              ]
            ]
          ],
          [
            [
              [
                -86.020061,
                41.442879
              ],
              [
                -86.020058,
                41.442775
              ],
              [
                -86.01843,
                41.440765
              ],
              [
                -86.014064,
                41.437099
              ],
              [
                -86.014023,
                41.435884
              ],
              [
                -86.010436,
                41.435583
              ],
              [
                -86.007556,
                41.437163
              ],
              [
                -86.004608,
                41.432628
              ],
              [
                -86.004463,
                41.432518
              ],
              [
                -86.003968,
                41.43224
              ],
              [
                -86.003601,
                41.432109
              ],
              [
                -86.00339115862559,
                41.43209573018208
              ],
              [
                -86.003182,
                41.431522
              ],
              [
                -86.003151,
                41.429304
              ],
              [
                -86.003113,
                41.426671
              ],
              [
                -86.003112,
                41.426454
              ],
              [
                -86.002587,
                41.425777
              ],
              [
                -86.001589,
                41.424876
              ],
              [
                -86.001025,
                41.424878
              ],
              [
                -85.999512,
                41.426467
              ],
              [
                -85.99939,
                41.427431
              ],
              [
                -85.996095,
                41.43163
              ],
              [
                -85.992448,
                41.431132
              ],
              [
                -85.992334,
                41.43113
              ],
              [
                -85.990624,
                41.432434
              ],
              [
                -85.985788,
                41.4339
              ],
              [
                -85.98491108879635,
                41.436841160177075
              ],
              [
                -85.984593,
                41.436384
              ],
              [
                -85.98256,
                41.435196
              ],
              [
                -85.982269,
                41.435063
              ],
              [
                -85.98191,
                41.435091
              ],
              [
                -85.981146,
                41.435665
              ],
              [
                -85.980719,
                41.436694
              ],
              [
                -85.980641,
                41.436848
              ],
              [
                -85.980624,
                41.436978
              ],
              [
                -85.980654,
                41.437504
              ],
              [
                -85.98060981722625,
                41.4378535612157
              ],
              [
                -85.979792,
                41.438212
              ],
              [
                -85.976113,
                41.440919
              ],
              [
                -85.97503268166588,
                41.441810324999686
              ],
              [
                -85.97369,
                41.441279
              ],
              [
                -85.973331,
                41.441306
              ],
              [
                -85.972042,
                41.442565
              ],
              [
                -85.972044,
                41.442925
              ],
              [
                -85.972486,
                41.443232
              ],
              [
                -85.972846,
                41.443228
              ],
              [
                -85.973977,
                41.443351
              ],
              [
                -85.97492150737303,
                41.443229926462806
              ],
              [
                -85.976131,
                41.444519
              ],
              [
                -85.97777757686805,
                41.4457137904833
              ],
              [
                -85.976351,
                41.449489
              ],
              [
                -85.974642,
                41.449967
              ],
              [
                -85.973472,
                41.449976
              ],
              [
                -85.972688,
                41.449803
              ],
              [
                -85.971187,
                41.449817
              ],
              [
                -85.968058,
                41.448293
              ],
              [
                -85.967809,
                41.447932
              ],
              [
                -85.967457,
                41.447854
              ],
              [
                -85.965051,
                41.448112
              ],
              [
                -85.964787,
                41.448357
              ],
              [
                -85.963455,
                41.449895
              ],
              [
                -85.96333,
                41.450059
              ],
              [
                -85.963459,
                41.450255
              ],
              [
                -85.963561,
                41.450254
              ],
              [
                -85.965649,
                41.450051
              ],
              [
                -85.966035,
                41.450047
              ],
              [
                -85.966683,
                41.45004
              ],
              [
                -85.968187,
                41.450205
              ],
              [
                -85.969688,
                41.450191
              ],
              [
                -85.97119,
                41.450177
              ],
              [
                -85.973337,
                41.45079
              ],
              [
                -85.974694,
                41.452104
              ],
              [
                -85.973088,
                41.45709
              ],
              [
                -85.97309,
                41.45745
              ],
              [
                -85.977783,
                41.461034
              ],
              [
                -85.982167,
                41.46402
              ],
              [
                -85.982527,
                41.464018
              ],
              [
                -85.982989,
                41.462002
              ],
              [
                -85.984446,
                41.459196
              ],
              [
                -85.98758880978784,
                41.45804975723917
              ],
              [
                -85.988262,
                41.458918
              ],
              [
                -85.988611,
                41.458954
              ],
              [
                -85.988902,
                41.458952
              ],
              [
                -85.993108,
                41.460168
              ],
              [
                -85.995275,
                41.463043
              ],
              [
                -85.999442,
                41.466154
              ],
              [
                -86.0024,
                41.466753
              ],
              [
                -86.002741,
                41.466753
              ],
              [
                -86.003377,
                41.466543
              ],
              [
                -86.00414,
                41.465176
              ],
              [
                -86.004138,
                41.465046
              ],
              [
                -86.002742,
                41.463153
              ],
              [
                -86.00484417319397,
                41.460042286833
              ],
              [
                -86.00636877268303,
                41.45895516208972
              ],
              [
                -86.009281,
                41.458978
              ],
              [
                -86.011387,
                41.458992
              ],
              [
                -86.013493,
                41.459005
              ],
              [
                -86.013516,
                41.455405
              ],
              [
                -86.01141,
                41.455392
              ],
              [
                -86.009304,
                41.455378
              ],
              [
                -86.0087175781244,
                41.45113352642459
              ],
              [
                -86.009922,
                41.450494
              ],
              [
                -86.01049704964585,
                41.45006445483753
              ],
              [
                -86.012037,
                41.449472
              ],
              [
                -86.015637,
                41.449469
              ],
              [
                -86.016448,
                41.449228
              ],
              [
                -86.017234,
                41.44893
              ],
              [
                -86.017235,
                41.448236
              ],
              [
                -86.01701412673893,
                41.44587482153062
              ],
              [
                -86.017555,
                41.445572
              ],
              [
                -86.020061,
                41.442879
              ]
            ]
          ],
          [
            [
              [
                -85.992859,
                41.565417
              ],
              [
                -85.992858,
                41.565057
              ],
              [
                -85.99055,
                41.564177
              ],
              [
                -85.989221,
                41.564617
              ],
              [
                -85.987897,
                41.565257
              ],
              [
                -85.983079,
                41.5618
              ],
              [
                -85.983035,
                41.560103
              ],
              [
                -85.98299,
                41.558407
              ],
              [
                -85.98297,
                41.557242
              ],
              [
                -85.982949,
                41.556076
              ],
              [
                -85.982589,
                41.556083
              ],
              [
                -85.98261,
                41.557248
              ],
              [
                -85.982631,
                41.558414
              ],
              [
                -85.982675,
                41.560112
              ],
              [
                -85.977796,
                41.563456
              ],
              [
                -85.977439,
                41.563409
              ],
              [
                -85.974591,
                41.564415
              ],
              [
                -85.971076,
                41.563948
              ],
              [
                -85.968737,
                41.565202
              ],
              [
                -85.967025,
                41.565214
              ],
              [
                -85.963762,
                41.561555
              ],
              [
                -85.963742,
                41.560857
              ],
              [
                -85.96367,
                41.558399
              ],
              [
                -85.963669,
                41.558357
              ],
              [
                -85.963487,
                41.558224
              ],
              [
                -85.962833,
                41.558234
              ],
              [
                -85.96094,
                41.563058
              ],
              [
                -85.955487,
                41.565285
              ],
              [
                -85.954828,
                41.565293
              ],
              [
                -85.95417,
                41.565301
              ],
              [
                -85.954174,
                41.565661
              ],
              [
                -85.955303,
                41.566604
              ],
              [
                -85.955663,
                41.566606
              ],
              [
                -85.958764,
                41.565626
              ],
              [
                -85.963135,
                41.568776
              ],
              [
                -85.961982,
                41.57133
              ],
              [
                -85.961995,
                41.57169
              ],
              [
                -85.962178,
                41.571799
              ],
              [
                -85.963514,
                41.572477
              ],
              [
                -85.963945,
                41.572472
              ],
              [
                -85.963999,
                41.572116
              ],
              [
                -85.963844,
                41.570122
              ],
              [
                -85.965321,
                41.566698
              ],
              [
                -85.968739,
                41.565562
              ],
              [
                -85.970451,
                41.56555
              ],
              [
                -85.971987,
                41.565359
              ],
              [
                -85.974632,
                41.56552
              ],
              [
                -85.978244,
                41.566115
              ],
              [
                -85.982314,
                41.570002
              ],
              [
                -85.982927,
                41.572675
              ],
              [
                -85.983106,
                41.572783
              ],
              [
                -85.983198,
                41.572783
              ],
              [
                -85.983287,
                41.572669
              ],
              [
                -85.983286,
                41.5726
              ],
              [
                -85.983263,
                41.571293
              ],
              [
                -85.983241,
                41.569986
              ],
              [
                -85.985518,
                41.566013
              ],
              [
                -85.988146,
                41.565255
              ],
              [
                -85.990784,
                41.565745
              ],
              [
                -85.992859,
                41.565417
              ]
            ]
          ],
          [
            [
              [
                -85.936796,
                41.630674
              ],
              [
                -85.936795,
                41.630314
              ],
              [
                -85.935573,
                41.629406
              ],
              [
                -85.932408,
                41.627455
              ],
              [
                -85.930158,
                41.625264
              ],
              [
                -85.929872,
                41.625046
              ],
              [
                -85.927069,
                41.623092
              ],
              [
                -85.92632,
                41.622584
              ],
              [
                -85.92596,
                41.622589
              ],
              [
                -85.925229,
                41.623098
              ],
              [
                -85.922235,
                41.625943
              ],
              [
                -85.919218,
                41.623124
              ],
              [
                -85.916661,
                41.621294
              ],
              [
                -85.916301,
                41.621299
              ],
              [
                -85.91594,
                41.621468
              ],
              [
                -85.912354,
                41.62377
              ],
              [
                -85.907637,
                41.624753
              ],
              [
                -85.906546,
                41.624875
              ],
              [
                -85.903232,
                41.624887
              ],
              [
                -85.90302,
                41.625178
              ],
              [
                -85.905011,
                41.627998
              ],
              [
                -85.905346,
                41.62813
              ],
              [
                -85.906012,
                41.62831
              ],
              [
                -85.911555,
                41.630479
              ],
              [
                -85.913847,
                41.633146
              ],
              [
                -85.915206,
                41.636121
              ],
              [
                -85.914551,
                41.640366
              ],
              [
                -85.916105,
                41.642647
              ],
              [
                -85.918346,
                41.64434
              ],
              [
                -85.921441,
                41.646451
              ],
              [
                -85.921801,
                41.646449
              ],
              [
                -85.926437,
                41.644103
              ],
              [
                -85.929243,
                41.644371
              ],
              [
                -85.929383,
                41.644393
              ],
              [
                -85.93078,
                41.644094
              ],
              [
                -85.934088,
                41.640027
              ],
              [
                -85.934215,
                41.63969
              ],
              [
                -85.932857,
                41.638101
              ],
              [
                -85.932775,
                41.6381
              ],
              [
                -85.929913,
                41.63391
              ],
              [
                -85.931419,
                41.632222
              ],
              [
                -85.936243,
                41.63077
              ],
              [
                -85.936603,
                41.630773
              ],
              [
                -85.936796,
                41.630674
              ]
            ]
          ],
          [
            [
              [
                -85.930722,
                41.702075
              ],
              [
                -85.9287,
                41.700142
              ],
              [
                -85.925034,
                41.697649
              ],
              [
                -85.921006,
                41.696705
              ],
              [
                -85.916095,
                41.696462
              ],
              [
                -85.910868,
                41.697386
              ],
              [
                -85.908934,
                41.698096
              ],
              [
                -85.906015,
                41.699305
              ],
              [
                -85.903004,
                41.699595
              ],
              [
                -85.900362,
                41.700091
              ],
              [
                -85.898291,
                41.701249
              ],
              [
                -85.898224,
                41.701433
              ],
              [
                -85.895483,
                41.705406
              ],
              [
                -85.893177,
                41.706393
              ],
              [
                -85.892115,
                41.706691
              ],
              [
                -85.892212,
                41.707038
              ],
              [
                -85.892723,
                41.707556
              ],
              [
                -85.893004,
                41.707781
              ],
              [
                -85.895107,
                41.708218
              ],
              [
                -85.897471,
                41.7087
              ],
              [
                -85.897828,
                41.708748
              ],
              [
                -85.902864,
                41.711114
              ],
              [
                -85.902889,
                41.712999
              ],
              [
                -85.903007,
                41.713091
              ],
              [
                -85.904741,
                41.713629
              ],
              [
                -85.908683,
                41.715296
              ],
              [
                -85.910285,
                41.715417
              ],
              [
                -85.910645,
                41.715412
              ],
              [
                -85.912246,
                41.715187
              ],
              [
                -85.914241,
                41.713693
              ],
              [
                -85.918961,
                41.713658
              ],
              [
                -85.919312,
                41.713578
              ],
              [
                -85.922758,
                41.709514
              ],
              [
                -85.924287,
                41.708697
              ],
              [
                -85.925643,
                41.707751
              ],
              [
                -85.927499,
                41.704706
              ],
              [
                -85.93061,
                41.703013
              ],
              [
                -85.930714,
                41.702435
              ],
              [
                -85.930722,
                41.702075
              ]
            ]
          ],
          [
            [
              [
                -85.901651,
                41.595005
              ],
              [
                -85.901648,
                41.594645
              ],
              [
                -85.90142,
                41.594648
              ],
              [
                -85.901245,
                41.594653
              ],
              [
                -85.899622,
                41.594666
              ],
              [
                -85.897824,
                41.594684
              ],
              [
                -85.896026,
                41.594703
              ],
              [
                -85.894228,
                41.594721
              ],
              [
                -85.890446,
                41.594771
              ],
              [
                -85.887146,
                41.590128
              ],
              [
                -85.8891,
                41.586333
              ],
              [
                -85.889424,
                41.580612
              ],
              [
                -85.891545,
                41.580595
              ],
              [
                -85.891542,
                41.580235
              ],
              [
                -85.889421,
                41.580252
              ],
              [
                -85.886904,
                41.576369
              ],
              [
                -85.886874,
                41.57478
              ],
              [
                -85.886514,
                41.574786
              ],
              [
                -85.882947,
                41.579434
              ],
              [
                -85.882587,
                41.579436
              ],
              [
                -85.882001,
                41.580472
              ],
              [
                -85.882,
                41.580832
              ],
              [
                -85.882172,
                41.584944
              ],
              [
                -85.878497,
                41.586906
              ],
              [
                -85.876179,
                41.585458
              ],
              [
                -85.876057,
                41.585419
              ],
              [
                -85.875832,
                41.585449
              ],
              [
                -85.875674,
                41.585542
              ],
              [
                -85.873049,
                41.587066
              ],
              [
                -85.872742,
                41.587254
              ],
              [
                -85.872341,
                41.587645
              ],
              [
                -85.872329,
                41.587728
              ],
              [
                -85.872313,
                41.58791
              ],
              [
                -85.872314,
                41.588034
              ],
              [
                -85.872327,
                41.588088
              ],
              [
                -85.875102,
                41.590012
              ],
              [
                -85.873408,
                41.594076
              ],
              [
                -85.872423,
                41.594966
              ],
              [
                -85.872424,
                41.595326
              ],
              [
                -85.872458,
                41.595379
              ],
              [
                -85.873205,
                41.595988
              ],
              [
                -85.875272,
                41.596982
              ],
              [
                -85.875403,
                41.597035
              ],
              [
                -85.880897,
                41.598895
              ],
              [
                -85.881075,
                41.599032
              ],
              [
                -85.883444,
                41.600011
              ],
              [
                -85.88394792687174,
                41.60146777974724
              ],
              [
                -85.881109,
                41.60324
              ],
              [
                -85.875757,
                41.602968
              ],
              [
                -85.874912,
                41.602509
              ],
              [
                -85.87117555333967,
                41.59865695273507
              ],
              [
                -85.871459,
                41.597096
              ],
              [
                -85.870604,
                41.596211
              ],
              [
                -85.867763,
                41.593879
              ],
              [
                -85.867403,
                41.593887
              ],
              [
                -85.86655321961537,
                41.594308313006415
              ],
              [
                -85.866332,
                41.594312
              ],
              [
                -85.86540317500784,
                41.59420353431745
              ],
              [
                -85.86480751061721,
                41.590888507075775
              ],
              [
                -85.866225,
                41.589689
              ],
              [
                -85.867683,
                41.588757
              ],
              [
                -85.869304,
                41.587009
              ],
              [
                -85.869303,
                41.586977
              ],
              [
                -85.86927,
                41.586014
              ],
              [
                -85.867543,
                41.584298
              ],
              [
                -85.865142,
                41.580111
              ],
              [
                -85.863761,
                41.57878
              ],
              [
                -85.861163,
                41.57723
              ],
              [
                -85.856909,
                41.574783
              ],
              [
                -85.855901,
                41.574282
              ],
              [
                -85.855061,
                41.57429
              ],
              [
                -85.85137,
                41.573795
              ],
              [
                -85.849171,
                41.571916
              ],
              [
                -85.848908,
                41.571651
              ],
              [
                -85.848688,
                41.571513
              ],
              [
                -85.848533,
                41.571431
              ],
              [
                -85.847512,
                41.571441
              ],
              [
                -85.847262,
                41.571511
              ],
              [
                -85.847118,
                41.571642
              ],
              [
                -85.84667256630125,
                41.572237068193445
              ],
              [
                -85.845898,
                41.571417
              ],
              [
                -85.845644,
                41.57141
              ],
              [
                -85.843041,
                41.571527
              ],
              [
                -85.84227,
                41.571554
              ],
              [
                -85.841182,
                41.571633
              ],
              [
                -85.83864025662288,
                41.56996282813224
              ],
              [
                -85.838601,
                41.569008
              ],
              [
                -85.836626,
                41.565411
              ],
              [
                -85.83453,
                41.563001
              ],
              [
                -85.834065,
                41.562601
              ],
              [
                -85.834027,
                41.562577
              ],
              [
                -85.833484,
                41.56225
              ],
              [
                -85.831024,
                41.560728
              ],
              [
                -85.827937,
                41.557655
              ],
              [
                -85.824338,
                41.557742
              ],
              [
                -85.8220887763315,
                41.55866402032872
              ],
              [
                -85.821637,
                41.558516
              ],
              [
                -85.820435,
                41.555635
              ],
              [
                -85.82012218826806,
                41.55563365167357
              ],
              [
                -85.822915,
                41.554846
              ],
              [
                -85.826212,
                41.553885
              ],
              [
                -85.826943,
                41.551687
              ],
              [
                -85.829533,
                41.546945
              ],
              [
                -85.830976,
                41.544434
              ],
              [
                -85.830975,
                41.544074
              ],
              [
                -85.828042,
                41.538973
              ],
              [
                -85.827251,
                41.536737
              ],
              [
                -85.822381,
                41.536784
              ],
              [
                -85.820665,
                41.536801
              ],
              [
                -85.818967,
                41.536943
              ],
              [
                -85.813696,
                41.53785
              ],
              [
                -85.81144,
                41.537874
              ],
              [
                -85.811443,
                41.538234
              ],
              [
                -85.809336,
                41.543593
              ],
              [
                -85.804388,
                41.541112
              ],
              [
                -85.804029,
                41.54112
              ],
              [
                -85.803501,
                41.541126
              ],
              [
                -85.803142,
                41.541135
              ],
              [
                -85.80305,
                41.541296
              ],
              [
                -85.803064,
                41.541955
              ],
              [
                -85.803079,
                41.542613
              ],
              [
                -85.798897,
                41.546435
              ],
              [
                -85.797389,
                41.546401
              ],
              [
                -85.797084,
                41.546591
              ],
              [
                -85.796531,
                41.547095
              ],
              [
                -85.796543,
                41.547455
              ],
              [
                -85.796875,
                41.547444
              ],
              [
                -85.797206,
                41.547432
              ],
              [
                -85.800875,
                41.548028
              ],
              [
                -85.803059,
                41.551862
              ],
              [
                -85.804272,
                41.552701
              ],
              [
                -85.808049,
                41.554703
              ],
              [
                -85.808542,
                41.554888
              ],
              [
                -85.811003,
                41.555798
              ],
              [
                -85.81445,
                41.555286
              ],
              [
                -85.81797807457947,
                41.555629732909146
              ],
              [
                -85.816921,
                41.555628
              ],
              [
                -85.816561,
                41.555629
              ],
              [
                -85.812891,
                41.556941
              ],
              [
                -85.808771,
                41.555638
              ],
              [
                -85.808277,
                41.555639
              ],
              [
                -85.805306,
                41.556423
              ],
              [
                -85.802715,
                41.557425
              ],
              [
                -85.797137,
                41.559164
              ],
              [
                -85.795825,
                41.559375
              ],
              [
                -85.795186,
                41.559519
              ],
              [
                -85.79502,
                41.559639
              ],
              [
                -85.793052,
                41.564513
              ],
              [
                -85.792527,
                41.565384
              ],
              [
                -85.791605,
                41.567118
              ],
              [
                -85.791654,
                41.567214
              ],
              [
                -85.791837,
                41.56747
              ],
              [
                -85.792392,
                41.567868
              ],
              [
                -85.792443,
                41.56789
              ],
              [
                -85.79671,
                41.569965
              ],
              [
                -85.798296,
                41.571081
              ],
              [
                -85.798305,
                41.571082
              ],
              [
                -85.798878,
                41.570953
              ],
              [
                -85.799327,
                41.570862
              ],
              [
                -85.80058771742577,
                41.57057587348926
              ],
              [
                -85.800571,
                41.57073
              ],
              [
                -85.800543,
                41.571348
              ],
              [
                -85.802966,
                41.572326
              ],
              [
                -85.808165,
                41.574961
              ],
              [
                -85.809063,
                41.57611
              ],
              [
                -85.80986140958832,
                41.58053232292024
              ],
              [
                -85.809748,
                41.580532
              ],
              [
                -85.809645,
                41.580532
              ],
              [
                -85.808969,
                41.580706
              ],
              [
                -85.808523,
                41.581921
              ],
              [
                -85.809531,
                41.584246
              ],
              [
                -85.807302,
                41.588088
              ],
              [
                -85.806716,
                41.58833
              ],
              [
                -85.805261,
                41.589066
              ],
              [
                -85.800873,
                41.591504
              ],
              [
                -85.799329,
                41.591503
              ],
              [
                -85.796899,
                41.591489
              ],
              [
                -85.796897,
                41.591849
              ],
              [
                -85.799306,
                41.592198
              ],
              [
                -85.802199,
                41.592929
              ],
              [
                -85.806277,
                41.591963
              ],
              [
                -85.81019,
                41.596141
              ],
              [
                -85.808652,
                41.598212
              ],
              [
                -85.807743,
                41.598628
              ],
              [
                -85.806828,
                41.599046
              ],
              [
                -85.806431,
                41.599244
              ],
              [
                -85.806035,
                41.599443
              ],
              [
                -85.806195,
                41.599765
              ],
              [
                -85.806592,
                41.599566
              ],
              [
                -85.807893,
                41.598955
              ],
              [
                -85.808801,
                41.598539
              ],
              [
                -85.809043,
                41.598409
              ],
              [
                -85.809273,
                41.598285
              ],
              [
                -85.809498,
                41.598133
              ],
              [
                -85.809708,
                41.59799
              ],
              [
                -85.810175,
                41.597631
              ],
              [
                -85.810633,
                41.597278
              ],
              [
                -85.8128,
                41.595568
              ],
              [
                -85.81587099162788,
                41.5946697422399
              ],
              [
                -85.81618098490223,
                41.59741986605922
              ],
              [
                -85.815303,
                41.597774
              ],
              [
                -85.816649,
                41.601113
              ],
              [
                -85.81778394692061,
                41.60108300140298
              ],
              [
                -85.817833,
                41.603466
              ],
              [
                -85.817874,
                41.60478
              ],
              [
                -85.821473,
                41.604666
              ],
              [
                -85.82318973718577,
                41.60413293670187
              ],
              [
                -85.823402,
                41.604373
              ],
              [
                -85.823986,
                41.604374
              ],
              [
                -85.82592181669048,
                41.60438740770135
              ],
              [
                -85.82729679464013,
                41.6047433652561
              ],
              [
                -85.83002502448655,
                41.60815239954977
              ],
              [
                -85.82996261857366,
                41.60919151473189
              ],
              [
                -85.828517,
                41.61241
              ],
              [
                -85.828532,
                41.613323
              ],
              [
                -85.83015183415358,
                41.61329510285624
              ],
              [
                -85.830166,
                41.614112
              ],
              [
                -85.830196,
                41.615841
              ],
              [
                -85.830556,
                41.615835
              ],
              [
                -85.83135868343308,
                41.61327431822976
              ],
              [
                -85.832132,
                41.613261
              ],
              [
                -85.833412,
                41.610272
              ],
              [
                -85.83351115022342,
                41.61009244644416
              ],
              [
                -85.833516,
                41.610095
              ],
              [
                -85.833951,
                41.610006
              ],
              [
                -85.83548,
                41.607425
              ],
              [
                -85.840011,
                41.60615
              ],
              [
                -85.840588,
                41.606024
              ],
              [
                -85.841121,
                41.605847
              ],
              [
                -85.841906,
                41.605275
              ],
              [
                -85.842211,
                41.604902
              ],
              [
                -85.84534564436375,
                41.6031350345852
              ],
              [
                -85.846644,
                41.604233
              ],
              [
                -85.848299,
                41.605945
              ],
              [
                -85.848493,
                41.605939
              ],
              [
                -85.852463,
                41.60374
              ],
              [
                -85.85597230632015,
                41.60195051254577
              ],
              [
                -85.855993,
                41.602011
              ],
              [
                -85.856862,
                41.602685
              ],
              [
                -85.861432,
                41.603398
              ],
              [
                -85.862714,
                41.604021
              ],
              [
                -85.864328,
                41.604436
              ],
              [
                -85.866608,
                41.604627
              ],
              [
                -85.87031820656293,
                41.60556173541198
              ],
              [
                -85.871861,
                41.609533
              ],
              [
                -85.873882,
                41.612657
              ],
              [
                -85.873969,
                41.612746
              ],
              [
                -85.876894,
                41.614092
              ],
              [
                -85.878814,
                41.614753
              ],
              [
                -85.880018,
                41.615113
              ],
              [
                -85.88577658976374,
                41.61558281276233
              ],
              [
                -85.886528,
                41.616128
              ],
              [
                -85.887621,
                41.617175
              ],
              [
                -85.887879,
                41.617425
              ],
              [
                -85.893156,
                41.61816
              ],
              [
                -85.893275,
                41.618084
              ],
              [
                -85.893352,
                41.618016
              ],
              [
                -85.893341,
                41.617851
              ],
              [
                -85.893834,
                41.613491
              ],
              [
                -85.897017,
                41.608944
              ],
              [
                -85.899198,
                41.60895
              ],
              [
                -85.899665,
                41.60895
              ],
              [
                -85.899665,
                41.60859
              ],
              [
                -85.897703,
                41.607121
              ],
              [
                -85.896255,
                41.6063
              ],
              [
                -85.893062,
                41.60404
              ],
              [
                -85.892611,
                41.601227
              ],
              [
                -85.892462,
                41.600896
              ],
              [
                -85.88743887245381,
                41.59937974556469
              ],
              [
                -85.890464,
                41.595406
              ],
              [
                -85.892341,
                41.595106
              ],
              [
                -85.894233,
                41.595281
              ],
              [
                -85.896029,
                41.595063
              ],
              [
                -85.897827,
                41.595044
              ],
              [
                -85.899626,
                41.595026
              ],
              [
                -85.901423,
                41.595007
              ],
              [
                -85.901651,
                41.595005
              ]
            ]
          ],
          [
            [
              [
                -85.865341,
                41.404909
              ],
              [
                -85.865138,
                41.404611
              ],
              [
                -85.860529,
                41.405765
              ],
              [
                -85.857725,
                41.406314
              ],
              [
                -85.855373,
                41.400972
              ],
              [
                -85.855397,
                41.400605
              ],
              [
                -85.855361,
                41.399864
              ],
              [
                -85.855325,
                41.399131
              ],
              [
                -85.855716,
                41.396751
              ],
              [
                -85.855368,
                41.39538
              ],
              [
                -85.855112,
                41.395376
              ],
              [
                -85.854928,
                41.395487
              ],
              [
                -85.854929,
                41.395556
              ],
              [
                -85.854476,
                41.399149
              ],
              [
                -85.854207,
                41.399658
              ],
              [
                -85.853974,
                41.400007
              ],
              [
                -85.848537,
                41.402076
              ],
              [
                -85.845468,
                41.398053
              ],
              [
                -85.845454,
                41.396868
              ],
              [
                -85.845094,
                41.396872
              ],
              [
                -85.842141,
                41.399078
              ],
              [
                -85.842145,
                41.399438
              ],
              [
                -85.845181,
                41.403641
              ],
              [
                -85.842998,
                41.407314
              ],
              [
                -85.838846,
                41.409693
              ],
              [
                -85.837304,
                41.409707
              ],
              [
                -85.835761,
                41.40972
              ],
              [
                -85.834478,
                41.409732
              ],
              [
                -85.833196,
                41.409743
              ],
              [
                -85.833199,
                41.410103
              ],
              [
                -85.834482,
                41.410092
              ],
              [
                -85.838946,
                41.414011
              ],
              [
                -85.841677,
                41.415981
              ],
              [
                -85.845855,
                41.419197
              ],
              [
                -85.84915,
                41.421477
              ],
              [
                -85.850157,
                41.423443
              ],
              [
                -85.850517,
                41.423444
              ],
              [
                -85.851819,
                41.420031
              ],
              [
                -85.854403,
                41.41601
              ],
              [
                -85.859717,
                41.415941
              ],
              [
                -85.860077,
                41.415946
              ],
              [
                -85.861656,
                41.413651
              ],
              [
                -85.861649,
                41.413291
              ],
              [
                -85.860299,
                41.408871
              ],
              [
                -85.863011,
                41.406377
              ],
              [
                -85.863181,
                41.406329
              ],
              [
                -85.863328,
                41.406263
              ],
              [
                -85.864506,
                41.405818
              ],
              [
                -85.865341,
                41.404909
              ]
            ]
          ],
          [
            [
              [
                -85.856829,
                41.670903
              ],
              [
                -85.856769,
                41.670748
              ],
              [
                -85.855638,
                41.668984
              ],
              [
                -85.855278,
                41.668988
              ],
              [
                -85.854628,
                41.670711
              ],
              [
                -85.849863,
                41.67427
              ],
              [
                -85.847477,
                41.673147
              ],
              [
                -85.843031,
                41.67433
              ],
              [
                -85.84075,
                41.674323
              ],
              [
                -85.838146,
                41.67436
              ],
              [
                -85.835541,
                41.674397
              ],
              [
                -85.831392,
                41.67099
              ],
              [
                -85.83133,
                41.668278
              ],
              [
                -85.83097,
                41.668286
              ],
              [
                -85.831001,
                41.669642
              ],
              [
                -85.829741,
                41.675254
              ],
              [
                -85.83119,
                41.680064
              ],
              [
                -85.83155,
                41.680059
              ],
              [
                -85.837151,
                41.681063
              ],
              [
                -85.839422,
                41.680993
              ],
              [
                -85.842021,
                41.679079
              ],
              [
                -85.842282,
                41.678597
              ],
              [
                -85.847847,
                41.67636
              ],
              [
                -85.848306,
                41.676538
              ],
              [
                -85.851085,
                41.677099
              ],
              [
                -85.854588,
                41.679883
              ],
              [
                -85.854923,
                41.680014
              ],
              [
                -85.855506,
                41.678527
              ],
              [
                -85.855591,
                41.678279
              ],
              [
                -85.855674,
                41.678038
              ],
              [
                -85.855708,
                41.677637
              ],
              [
                -85.855731,
                41.677284
              ],
              [
                -85.856743,
                41.671422
              ],
              [
                -85.856819,
                41.671151
              ],
              [
                -85.856829,
                41.670903
              ]
            ]
          ],
          [
            [
              [
                -85.84494,
                41.715631
              ],
              [
                -85.844845,
                41.715284
              ],
              [
                -85.840644,
                41.71504
              ],
              [
                -85.839779,
                41.715261
              ],
              [
                -85.836137,
                41.716834
              ],
              [
                -85.833094,
                41.716156
              ],
              [
                -85.828836,
                41.71595
              ],
              [
                -85.827559,
                41.716039
              ],
              [
                -85.823417,
                41.712768
              ],
              [
                -85.822235,
                41.711651
              ],
              [
                -85.822097,
                41.711654
              ],
              [
                -85.821919,
                41.711733
              ],
              [
                -85.817668,
                41.707574
              ],
              [
                -85.817665,
                41.707214
              ],
              [
                -85.817343,
                41.707023
              ],
              [
                -85.816983,
                41.70703
              ],
              [
                -85.816986,
                41.707215
              ],
              [
                -85.81699,
                41.7074
              ],
              [
                -85.815041,
                41.711143
              ],
              [
                -85.812003,
                41.711289
              ],
              [
                -85.81009,
                41.711813
              ],
              [
                -85.809747,
                41.71192
              ],
              [
                -85.807079,
                41.717043
              ],
              [
                -85.802115,
                41.719158
              ],
              [
                -85.8004,
                41.718613
              ],
              [
                -85.7995,
                41.718429
              ],
              [
                -85.7986,
                41.718246
              ],
              [
                -85.798528,
                41.718599
              ],
              [
                -85.799012,
                41.723257
              ],
              [
                -85.799136,
                41.723594
              ],
              [
                -85.800897,
                41.724387
              ],
              [
                -85.80406,
                41.729164
              ],
              [
                -85.804064,
                41.729524
              ],
              [
                -85.804362,
                41.730088
              ],
              [
                -85.804626,
                41.730333
              ],
              [
                -85.804899,
                41.730038
              ],
              [
                -85.805172,
                41.729744
              ],
              [
                -85.806717,
                41.728113
              ],
              [
                -85.81004126026444,
                41.72818733968064
              ],
              [
                -85.81136000745248,
                41.72950282828902
              ],
              [
                -85.812055,
                41.733656
              ],
              [
                -85.811753,
                41.734162
              ],
              [
                -85.811523,
                41.734527
              ],
              [
                -85.811476,
                41.73487
              ],
              [
                -85.81143,
                41.735213
              ],
              [
                -85.811786,
                41.735261
              ],
              [
                -85.812162,
                41.734533
              ],
              [
                -85.812973,
                41.733228
              ],
              [
                -85.818627,
                41.732269
              ],
              [
                -85.820834,
                41.733583
              ],
              [
                -85.822172,
                41.734568
              ],
              [
                -85.822435,
                41.734714
              ],
              [
                -85.822795,
                41.734703
              ],
              [
                -85.826964,
                41.732274
              ],
              [
                -85.826966,
                41.731914
              ],
              [
                -85.824756,
                41.731904
              ],
              [
                -85.82227225075005,
                41.73096587393049
              ],
              [
                -85.82328,
                41.725534
              ],
              [
                -85.823934,
                41.725197
              ],
              [
                -85.824572,
                41.724867
              ],
              [
                -85.82496699999992,
                41.72470900000003
              ],
              [
                -85.825045,
                41.724678
              ],
              [
                -85.825342,
                41.724572
              ],
              [
                -85.825632,
                41.724469
              ],
              [
                -85.825942,
                41.724374
              ],
              [
                -85.826505,
                41.724232
              ],
              [
                -85.826776,
                41.72418
              ],
              [
                -85.827209,
                41.724102
              ],
              [
                -85.827623,
                41.724027
              ],
              [
                -85.828218,
                41.723984
              ],
              [
                -85.828817,
                41.723941
              ],
              [
                -85.830493,
                41.723789
              ],
              [
                -85.830461,
                41.723431
              ],
              [
                -85.83206999705331,
                41.71939273288581
              ],
              [
                -85.836291,
                41.717969
              ],
              [
                -85.840403,
                41.71983
              ],
              [
                -85.840612,
                41.719969
              ],
              [
                -85.84082,
                41.720108
              ],
              [
                -85.842773,
                41.719099
              ],
              [
                -85.842976,
                41.718926
              ],
              [
                -85.84494,
                41.715631
              ]
            ]
          ],
          [
            [
              [
                -85.841371,
                41.500304
              ],
              [
                -85.841234,
                41.500156
              ],
              [
                -85.841173,
                41.500157
              ],
              [
                -85.839618,
                41.500356
              ],
              [
                -85.83874041490729,
                41.50031334165657
              ],
              [
                -85.838739,
                41.500186
              ],
              [
                -85.83519252018863,
                41.497205999528575
              ],
              [
                -85.83446,
                41.49568
              ],
              [
                -85.834717,
                41.494492
              ],
              [
                -85.830677,
                41.492567
              ],
              [
                -85.829585,
                41.493065
              ],
              [
                -85.829594,
                41.493425
              ],
              [
                -85.83029354699346,
                41.49615223392168
              ],
              [
                -85.8302936043491,
                41.49615417581963
              ],
              [
                -85.825062,
                41.498479
              ],
              [
                -85.823057,
                41.498487
              ],
              [
                -85.820853,
                41.497884
              ],
              [
                -85.820736,
                41.497851
              ],
              [
                -85.820575,
                41.49786
              ],
              [
                -85.820428,
                41.497944
              ],
              [
                -85.820248,
                41.498127
              ],
              [
                -85.81663537805576,
                41.50000337296703
              ],
              [
                -85.813677,
                41.497762
              ],
              [
                -85.813317,
                41.497765
              ],
              [
                -85.80919,
                41.500517
              ],
              [
                -85.809193,
                41.500877
              ],
              [
                -85.813393,
                41.503562
              ],
              [
                -85.813753,
                41.503557
              ],
              [
                -85.814536,
                41.502953
              ],
              [
                -85.819569,
                41.505269
              ],
              [
                -85.821453,
                41.507383
              ],
              [
                -85.82254,
                41.510013
              ],
              [
                -85.82301298460679,
                41.51047271948197
              ],
              [
                -85.821218,
                41.514928
              ],
              [
                -85.82122,
                41.515288
              ],
              [
                -85.822552,
                41.515279
              ],
              [
                -85.823771,
                41.515493
              ],
              [
                -85.828304,
                41.518487
              ],
              [
                -85.828324,
                41.520082
              ],
              [
                -85.828684,
                41.520077
              ],
              [
                -85.828664,
                41.518482
              ],
              [
                -85.833094,
                41.515167
              ],
              [
                -85.834572,
                41.515145
              ],
              [
                -85.836731,
                41.509868
              ],
              [
                -85.836725,
                41.509508
              ],
              [
                -85.834457,
                41.508678
              ],
              [
                -85.8344228341824,
                41.50447385234214
              ],
              [
                -85.834424,
                41.504472
              ],
              [
                -85.834766,
                41.50436
              ],
              [
                -85.83853403959922,
                41.500746396019245
              ],
              [
                -85.839621,
                41.500847
              ],
              [
                -85.841241,
                41.500516
              ],
              [
                -85.841351,
                41.500381
              ],
              [
                -85.841371,
                41.500304
              ]
            ]
          ],
          [
            [
              [
                -85.826483,
                42.027156
              ],
              [
                -85.826482,
                42.026796
              ],
              [
                -85.824051,
                42.024726
              ],
              [
                -85.823428,
                42.024377
              ],
              [
                -85.82027,
                42.022458
              ],
              [
                -85.815265,
                42.019978
              ],
              [
                -85.815223,
                42.01731
              ],
              [
                -85.814863,
                42.017316
              ],
              [
                -85.814884,
                42.01865
              ],
              [
                -85.810245,
                42.022259
              ],
              [
                -85.807901,
                42.020099
              ],
              [
                -85.805675,
                42.020895
              ],
              [
                -85.804714,
                42.023855
              ],
              [
                -85.800849,
                42.026313
              ],
              [
                -85.796122,
                42.023333
              ],
              [
                -85.796099,
                42.021738
              ],
              [
                -85.796077,
                42.020142
              ],
              [
                -85.795717,
                42.020147
              ],
              [
                -85.795739,
                42.021743
              ],
              [
                -85.795762,
                42.023338
              ],
              [
                -85.791181,
                42.026693
              ],
              [
                -85.789062,
                42.026688
              ],
              [
                -85.786944,
                42.026683
              ],
              [
                -85.786943,
                42.027043
              ],
              [
                -85.789061,
                42.027048
              ],
              [
                -85.79118,
                42.027053
              ],
              [
                -85.795951,
                42.028038
              ],
              [
                -85.798432,
                42.027069
              ],
              [
                -85.800874,
                42.027075
              ],
              [
                -85.804123,
                42.030803
              ],
              [
                -85.804483,
                42.030793
              ],
              [
                -85.808263,
                42.030231
              ],
              [
                -85.808716,
                42.036065
              ],
              [
                -85.808231,
                42.036305
              ],
              [
                -85.810434,
                42.038878
              ],
              [
                -85.810794,
                42.038871
              ],
              [
                -85.810766,
                42.037453
              ],
              [
                -85.810738,
                42.036036
              ],
              [
                -85.810696,
                42.033426
              ],
              [
                -85.81525,
                42.030519
              ],
              [
                -85.817386,
                42.029709
              ],
              [
                -85.821947,
                42.026983
              ],
              [
                -85.824178,
                42.027839
              ],
              [
                -85.824675,
                42.028211
              ],
              [
                -85.825035,
                42.028204
              ],
              [
                -85.826483,
                42.027156
              ]
            ]
          ],
          [
            [
              [
                -85.772733,
                41.423859
              ],
              [
                -85.772692,
                41.420259
              ],
              [
                -85.770027,
                41.42029
              ],
              [
                -85.76699,
                41.415901
              ],
              [
                -85.766995,
                41.415309
              ],
              [
                -85.766785,
                41.41384
              ],
              [
                -85.763205,
                41.413547
              ],
              [
                -85.759158,
                41.414027
              ],
              [
                -85.756751,
                41.412041
              ],
              [
                -85.755356,
                41.4111
              ],
              [
                -85.755179,
                41.411102
              ],
              [
                -85.753171,
                41.412355
              ],
              [
                -85.750779,
                41.414191
              ],
              [
                -85.746403,
                41.4172
              ],
              [
                -85.741405,
                41.420076
              ],
              [
                -85.741111,
                41.423664
              ],
              [
                -85.743496,
                41.423859
              ],
              [
                -85.74602,
                41.425787
              ],
              [
                -85.746306,
                41.430481
              ],
              [
                -85.746599,
                41.432433
              ],
              [
                -85.748163,
                41.434613
              ],
              [
                -85.748378,
                41.434658
              ],
              [
                -85.75123,
                41.435179
              ],
              [
                -85.757042,
                41.435086
              ],
              [
                -85.759717,
                41.432677
              ],
              [
                -85.758626,
                41.429114
              ],
              [
                -85.761294,
                41.425826
              ],
              [
                -85.763417,
                41.424788
              ],
              [
                -85.766122,
                41.423935
              ],
              [
                -85.770068,
                41.423889
              ],
              [
                -85.772733,
                41.423859
              ]
            ]
          ],
          [
            [
              [
                -85.771166,
                41.710674
              ],
              [
                -85.771163,
                41.710314
              ],
              [
                -85.771121,
                41.710218
              ],
              [
                -85.770761,
                41.710236
              ],
              [
                -85.768456,
                41.710334
              ],
              [
                -85.76596,
                41.710352
              ],
              [
                -85.763463,
                41.710371
              ],
              [
                -85.760964,
                41.705907
              ],
              [
                -85.763745,
                41.703449
              ],
              [
                -85.76374,
                41.703089
              ],
              [
                -85.761025,
                41.702912
              ],
              [
                -85.760893,
                41.703043
              ],
              [
                -85.76076,
                41.703174
              ],
              [
                -85.760594,
                41.703542
              ],
              [
                -85.760604,
                41.70591
              ],
              [
                -85.758033,
                41.710453
              ],
              [
                -85.756199,
                41.710459
              ],
              [
                -85.7543,
                41.71013
              ],
              [
                -85.7512,
                41.705075
              ],
              [
                -85.751158,
                41.703574
              ],
              [
                -85.751116,
                41.702063
              ],
              [
                -85.751094,
                41.70179
              ],
              [
                -85.751072,
                41.701529
              ],
              [
                -85.751061,
                41.70069
              ],
              [
                -85.751049,
                41.699848
              ],
              [
                -85.751025,
                41.699042
              ],
              [
                -85.751001,
                41.698235
              ],
              [
                -85.750641,
                41.698246
              ],
              [
                -85.750665,
                41.699053
              ],
              [
                -85.750689,
                41.699859
              ],
              [
                -85.750701,
                41.700695
              ],
              [
                -85.750712,
                41.701533
              ],
              [
                -85.746974,
                41.705859
              ],
              [
                -85.746319,
                41.705907
              ],
              [
                -85.745265,
                41.706187
              ],
              [
                -85.745357,
                41.706535
              ],
              [
                -85.749384,
                41.710677
              ],
              [
                -85.750358,
                41.711891
              ],
              [
                -85.75448,
                41.715612
              ],
              [
                -85.756205,
                41.715588
              ],
              [
                -85.76106,
                41.717873
              ],
              [
                -85.761165,
                41.717941
              ],
              [
                -85.761315,
                41.71799
              ],
              [
                -85.761497,
                41.718011
              ],
              [
                -85.761847,
                41.718018
              ],
              [
                -85.762196,
                41.718026
              ],
              [
                -85.76418,
                41.716836
              ],
              [
                -85.764305,
                41.716499
              ],
              [
                -85.763529,
                41.716211
              ],
              [
                -85.763466,
                41.710731
              ],
              [
                -85.765962,
                41.710712
              ],
              [
                -85.768459,
                41.710694
              ],
              [
                -85.770955,
                41.710676
              ],
              [
                -85.771166,
                41.710674
              ]
            ]
          ],
          [
            [
              [
                -85.719562,
                41.683312
              ],
              [
                -85.719554,
                41.682952
              ],
              [
                -85.718185,
                41.682983
              ],
              [
                -85.714981,
                41.678456
              ],
              [
                -85.717123,
                41.672922
              ],
              [
                -85.717193,
                41.672813
              ],
              [
                -85.719525,
                41.668738
              ],
              [
                -85.719525,
                41.668378
              ],
              [
                -85.719477,
                41.668295
              ],
              [
                -85.717282,
                41.666026
              ],
              [
                -85.712984,
                41.663712
              ],
              [
                -85.7103,
                41.661735
              ],
              [
                -85.705929,
                41.659448
              ],
              [
                -85.70557,
                41.659454
              ],
              [
                -85.703633,
                41.661279
              ],
              [
                -85.7046495080581,
                41.662409801998955
              ],
              [
                -85.704315,
                41.667436
              ],
              [
                -85.70025,
                41.668899
              ],
              [
                -85.69989,
                41.66889
              ],
              [
                -85.694589,
                41.671289
              ],
              [
                -85.691662,
                41.671208
              ],
              [
                -85.691302,
                41.671208
              ],
              [
                -85.69017871555843,
                41.67334029829056
              ],
              [
                -85.68780682777383,
                41.67550916208624
              ],
              [
                -85.685345,
                41.675896
              ],
              [
                -85.683383,
                41.675877
              ],
              [
                -85.681422,
                41.675859
              ],
              [
                -85.677532,
                41.672903
              ],
              [
                -85.678027,
                41.670905
              ],
              [
                -85.676974,
                41.667037
              ],
              [
                -85.67686,
                41.664091
              ],
              [
                -85.676811,
                41.662887
              ],
              [
                -85.676763,
                41.661684
              ],
              [
                -85.676403,
                41.661699
              ],
              [
                -85.675674,
                41.664098
              ],
              [
                -85.675654,
                41.666979
              ],
              [
                -85.676678,
                41.669725
              ],
              [
                -85.676681,
                41.670796
              ],
              [
                -85.67683,
                41.672301
              ],
              [
                -85.672993,
                41.675739
              ],
              [
                -85.67019,
                41.67566
              ],
              [
                -85.667562,
                41.675759
              ],
              [
                -85.667202,
                41.675765
              ],
              [
                -85.664607,
                41.675557
              ],
              [
                -85.661608,
                41.674532
              ],
              [
                -85.657858,
                41.675048
              ],
              [
                -85.657538,
                41.675489
              ],
              [
                -85.657531,
                41.675849
              ],
              [
                -85.6597,
                41.677785
              ],
              [
                -85.66006,
                41.677794
              ],
              [
                -85.664994,
                41.676719
              ],
              [
                -85.666224,
                41.680088
              ],
              [
                -85.666714,
                41.682581
              ],
              [
                -85.666734,
                41.682768
              ],
              [
                -85.667314,
                41.683033
              ],
              [
                -85.667674,
                41.683024
              ],
              [
                -85.667673,
                41.682984
              ],
              [
                -85.667646,
                41.681228
              ],
              [
                -85.66763,
                41.6801
              ],
              [
                -85.67018,
                41.67602
              ],
              [
                -85.672983,
                41.676099
              ],
              [
                -85.674337,
                41.676136
              ],
              [
                -85.674791,
                41.676149
              ],
              [
                -85.675794,
                41.67616
              ],
              [
                -85.676794,
                41.67617
              ],
              [
                -85.679457,
                41.6762
              ],
              [
                -85.681418,
                41.676219
              ],
              [
                -85.68338,
                41.676237
              ],
              [
                -85.687294,
                41.677799
              ],
              [
                -85.69148,
                41.679718
              ],
              [
                -85.69168314980759,
                41.67971517847489
              ],
              [
                -85.693992,
                41.683666
              ],
              [
                -85.697782,
                41.687333
              ],
              [
                -85.698321,
                41.687944
              ],
              [
                -85.698606,
                41.688164
              ],
              [
                -85.700511,
                41.687277
              ],
              [
                -85.706225,
                41.688083
              ],
              [
                -85.706584,
                41.688074
              ],
              [
                -85.706956,
                41.687834
              ],
              [
                -85.706952,
                41.687474
              ],
              [
                -85.707561,
                41.685051
              ],
              [
                -85.712444,
                41.684425
              ],
              [
                -85.714632,
                41.686402
              ],
              [
                -85.715068,
                41.687369
              ],
              [
                -85.715396,
                41.687221
              ],
              [
                -85.719562,
                41.683312
              ]
            ]
          ],
          [
            [
              [
                -85.43496,
                41.641544
              ],
              [
                -85.434956,
                41.641184
              ],
              [
                -85.432883,
                41.641206
              ],
              [
                -85.430809,
                41.641227
              ],
              [
                -85.429597,
                41.641241
              ],
              [
                -85.428385,
                41.641254
              ],
              [
                -85.425271,
                41.639291
              ],
              [
                -85.427497,
                41.634172
              ],
              [
                -85.427798,
                41.634092
              ],
              [
                -85.428613,
                41.633885
              ],
              [
                -85.428599,
                41.633525
              ],
              [
                -85.428188,
                41.632246
              ],
              [
                -85.430581,
                41.627094
              ],
              [
                -85.432011,
                41.627088
              ],
              [
                -85.432009,
                41.626728
              ],
              [
                -85.43058,
                41.626734
              ],
              [
                -85.429149,
                41.626717
              ],
              [
                -85.424717,
                41.622711
              ],
              [
                -85.424703,
                41.622044
              ],
              [
                -85.424344,
                41.622051
              ],
              [
                -85.424357,
                41.622718
              ],
              [
                -85.42007,
                41.626687
              ],
              [
                -85.419976,
                41.626688
              ],
              [
                -85.416327,
                41.625771
              ],
              [
                -85.415967,
                41.625775
              ],
              [
                -85.414935,
                41.626385
              ],
              [
                -85.414663,
                41.626729
              ],
              [
                -85.413742,
                41.629946
              ],
              [
                -85.413618,
                41.633371
              ],
              [
                -85.41386,
                41.636659
              ],
              [
                -85.410109,
                41.639969
              ],
              [
                -85.407041,
                41.639781
              ],
              [
                -85.406681,
                41.639795
              ],
              [
                -85.40553,
                41.641326
              ],
              [
                -85.40553,
                41.641686
              ],
              [
                -85.409572,
                41.644715
              ],
              [
                -85.413322,
                41.647489
              ],
              [
                -85.415099,
                41.64882
              ],
              [
                -85.417753,
                41.650554
              ],
              [
                -85.418267,
                41.650812
              ],
              [
                -85.418423,
                41.650721
              ],
              [
                -85.42381,
                41.648611
              ],
              [
                -85.424833,
                41.648534
              ],
              [
                -85.425193,
                41.648528
              ],
              [
                -85.42738,
                41.646914
              ],
              [
                -85.428069,
                41.646398
              ],
              [
                -85.429079,
                41.645625
              ],
              [
                -85.432886,
                41.641566
              ],
              [
                -85.43496,
                41.641544
              ]
            ]
          ],
          [
            [
              [
                -85.158342,
                41.061044
              ],
              [
                -85.158334,
                41.060837
              ],
              [
                -85.158222,
                41.05812
              ],
              [
                -85.156155,
                41.055986
              ],
              [
                -85.152157,
                41.053262
              ],
              [
                -85.15107,
                41.052383
              ],
              [
                -85.14864,
                41.050685
              ],
              [
                -85.148029,
                41.050277
              ],
              [
                -85.14484,
                41.048252
              ],
              [
                -85.141439,
                41.046947
              ],
              [
                -85.141264,
                41.046949
              ],
              [
                -85.137698,
                41.047257
              ],
              [
                -85.134391,
                41.04861
              ],
              [
                -85.131375,
                41.050981
              ],
              [
                -85.130005,
                41.052068
              ],
              [
                -85.128085,
                41.053886
              ],
              [
                -85.124727,
                41.057273
              ],
              [
                -85.122956,
                41.058836
              ],
              [
                -85.121207,
                41.060828
              ],
              [
                -85.121208,
                41.060846
              ],
              [
                -85.124598,
                41.064859
              ],
              [
                -85.126329,
                41.066502
              ],
              [
                -85.129216,
                41.06857
              ],
              [
                -85.132097,
                41.070926
              ],
              [
                -85.136798,
                41.073797
              ],
              [
                -85.137543,
                41.074331
              ],
              [
                -85.138317,
                41.074876
              ],
              [
                -85.138928,
                41.075089
              ],
              [
                -85.140832,
                41.075103
              ],
              [
                -85.141134,
                41.075098
              ],
              [
                -85.145688,
                41.074193
              ],
              [
                -85.146208,
                41.073788
              ],
              [
                -85.147872,
                41.072025
              ],
              [
                -85.151647,
                41.069572
              ],
              [
                -85.153481,
                41.068147
              ],
              [
                -85.154172,
                41.067428
              ],
              [
                -85.154824,
                41.066599
              ],
              [
                -85.156799,
                41.063854
              ],
              [
                -85.158342,
                41.061044
              ]
            ]
          ],
          [
            [
              [
                -84.955705,
                41.730144
              ],
              [
                -84.954701,
                41.730132
              ],
              [
                -84.953697,
                41.730121
              ],
              [
                -84.952622,
                41.730288
              ],
              [
                -84.950738,
                41.730121
              ],
              [
                -84.946995,
                41.728826
              ],
              [
                -84.946522,
                41.723376
              ],
              [
                -84.946516,
                41.723016
              ],
              [
                -84.944469,
                41.723055
              ],
              [
                -84.942422,
                41.723093
              ],
              [
                -84.942238,
                41.724263
              ],
              [
                -84.94223,
                41.725255
              ],
              [
                -84.939286,
                41.728835
              ],
              [
                -84.935737,
                41.726129
              ],
              [
                -84.934874,
                41.7217
              ],
              [
                -84.935133,
                41.72111
              ],
              [
                -84.934803,
                41.720965
              ],
              [
                -84.930889,
                41.723177
              ],
              [
                -84.926545,
                41.726906
              ],
              [
                -84.925483,
                41.726913
              ],
              [
                -84.92442,
                41.72692
              ],
              [
                -84.920661,
                41.730503
              ],
              [
                -84.920227,
                41.736172
              ],
              [
                -84.920426,
                41.736472
              ],
              [
                -84.921828,
                41.735539
              ],
              [
                -84.923229,
                41.734606
              ],
              [
                -84.927986,
                41.734342
              ],
              [
                -84.930394,
                41.737361
              ],
              [
                -84.930426,
                41.737482
              ],
              [
                -84.93131,
                41.741865
              ],
              [
                -84.930865,
                41.743359
              ],
              [
                -84.93121,
                41.743462
              ],
              [
                -84.934193,
                41.741472
              ],
              [
                -84.937722,
                41.745562
              ],
              [
                -84.937714,
                41.747396
              ],
              [
                -84.937707,
                41.749231
              ],
              [
                -84.938067,
                41.749232
              ],
              [
                -84.941125,
                41.745724
              ],
              [
                -84.944695,
                41.741763
              ],
              [
                -84.945064,
                41.741172
              ],
              [
                -84.947915,
                41.73807
              ],
              [
                -84.950523,
                41.737994
              ],
              [
                -84.950513,
                41.737634
              ],
              [
                -84.953693,
                41.730481
              ],
              [
                -84.954697,
                41.730492
              ],
              [
                -84.955701,
                41.730504
              ],
              [
                -84.955705,
                41.730144
              ]
            ]
          ],
          [
            [
              [
                -83.306996,
                42.636411
              ],
              [
                -83.306995,
                42.636391
              ],
              [
                -83.304299,
                42.63414
              ],
              [
                -83.299288,
                42.631716
              ],
              [
                -83.297204,
                42.630669
              ],
              [
                -83.294048,
                42.629794
              ],
              [
                -83.293805,
                42.629738
              ],
              [
                -83.289432,
                42.627565
              ],
              [
                -83.288547,
                42.626524
              ],
              [
                -83.288493,
                42.626471
              ],
              [
                -83.286747,
                42.626185
              ],
              [
                -83.286381,
                42.626252
              ],
              [
                -83.286313,
                42.626295
              ],
              [
                -83.282865,
                42.628959
              ],
              [
                -83.281055,
                42.629858
              ],
              [
                -83.277061,
                42.633033
              ],
              [
                -83.273119,
                42.636196
              ],
              [
                -83.273025,
                42.636278
              ],
              [
                -83.270284,
                42.639102
              ],
              [
                -83.269273,
                42.640402
              ],
              [
                -83.269299,
                42.640963
              ],
              [
                -83.270384,
                42.6427
              ],
              [
                -83.269595,
                42.647813
              ],
              [
                -83.269688,
                42.648333
              ],
              [
                -83.270734,
                42.650111
              ],
              [
                -83.270757,
                42.650126
              ],
              [
                -83.272055,
                42.650387
              ],
              [
                -83.275607,
                42.651001
              ],
              [
                -83.277751,
                42.652572
              ],
              [
                -83.277847,
                42.652623
              ],
              [
                -83.281081,
                42.653793
              ],
              [
                -83.285279,
                42.654126
              ],
              [
                -83.285966,
                42.653586
              ],
              [
                -83.291544,
                42.654283
              ],
              [
                -83.29162,
                42.654276
              ],
              [
                -83.293972,
                42.653485
              ],
              [
                -83.296318,
                42.651264
              ],
              [
                -83.299653,
                42.650296
              ],
              [
                -83.303392,
                42.649065
              ],
              [
                -83.303589,
                42.648953
              ],
              [
                -83.304321,
                42.646661
              ],
              [
                -83.304072,
                42.6444
              ],
              [
                -83.30616,
                42.640494
              ],
              [
                -83.306199,
                42.640437
              ],
              [
                -83.306996,
                42.636411
              ]
            ]
          ]
        ]
      }
    }
  ]
}